1523957607.503962755,3.214732
PrevKeyFrame TimeStamp: 1523957607.504966497
1523957608.118765116,3.254371
PrevKeyFrame TimeStamp: 1523957608.103763819
1523957608.322960854,3.270227
PrevKeyFrame TimeStamp: 1523957608.353923082
1523957608.527739763,3.290046
PrevKeyFrame TimeStamp: 1523957608.604680777
1523957608.937579870,3.310857
PrevKeyFrame TimeStamp: 1523957608.904871941
1523957609.142294645,3.346532
PrevKeyFrame TimeStamp: 1523957609.204679012
1523957609.551537991,3.395090
PrevKeyFrame TimeStamp: 1523957609.455671310
1523957609.756120682,3.405991
PrevKeyFrame TimeStamp: 1523957609.706895113
1523957609.960398197,3.424819
PrevKeyFrame TimeStamp: 1523957610.006300449
1523957610.370263338,3.454549
PrevKeyFrame TimeStamp: 1523957610.304478168
1523957610.780519009,3.473377
PrevKeyFrame TimeStamp: 1523957610.707548618
1523957610.984845400,3.444639
PrevKeyFrame TimeStamp: 1523957611.054868221
1523957611.394268036,3.473377
PrevKeyFrame TimeStamp: 1523957611.355726004
1523957611.598887682,3.451576
PrevKeyFrame TimeStamp: 1523957611.606309891
1523957612.008363485,3.417883
PrevKeyFrame TimeStamp: 1523957611.906799078
1523957612.213085413,3.405000
PrevKeyFrame TimeStamp: 1523957612.206406355
1523957612.418199539,3.403018
PrevKeyFrame TimeStamp: 1523957612.505438328
1523957612.827300787,3.353469
PrevKeyFrame TimeStamp: 1523957612.756837606
1523957613.032489538,3.343559
PrevKeyFrame TimeStamp: 1523957613.056312323
1523957613.236734867,3.333649
PrevKeyFrame TimeStamp: 1523957613.307851553
1523957613.646156788,3.298965
PrevKeyFrame TimeStamp: 1523957613.606964827
1523957614.055314064,3.253380
PrevKeyFrame TimeStamp: 1523957614.006393671
1523957614.260376930,3.245452
PrevKeyFrame TimeStamp: 1523957614.306400061
1523957614.670211554,3.221669
PrevKeyFrame TimeStamp: 1523957614.706813812
1523957614.875122070,3.222660
PrevKeyFrame TimeStamp: 1523957614.957305431
1523957615.284316063,3.220678
PrevKeyFrame TimeStamp: 1523957615.256656885
1523957615.489472628,3.228606
PrevKeyFrame TimeStamp: 1523957615.507331610
1523957615.898761749,3.268245
PrevKeyFrame TimeStamp: 1523957615.808192968
1523957616.104477406,3.261308
PrevKeyFrame TimeStamp: 1523957616.107200384
1523957616.308783054,3.257344
PrevKeyFrame TimeStamp: 1523957616.359190941
1523957616.718771696,3.295001
PrevKeyFrame TimeStamp: 1523957616.657165527
1523957616.924114466,3.307884
PrevKeyFrame TimeStamp: 1523957616.908947229
1523957617.128538609,3.293019
PrevKeyFrame TimeStamp: 1523957617.158196688
1523957617.332999706,3.291038
PrevKeyFrame TimeStamp: 1523957617.408665419
1523957617.742532253,3.295001
PrevKeyFrame TimeStamp: 1523957617.758061409
1523957617.947237253,3.272209
PrevKeyFrame TimeStamp: 1523957618.008273840
1523957618.356294394,3.267254
PrevKeyFrame TimeStamp: 1523957618.258545876
1523957618.561431408,3.265272
PrevKeyFrame TimeStamp: 1523957618.558127642
1523957618.766292572,3.252389
PrevKeyFrame TimeStamp: 1523957618.808214188
1523957618.971205473,3.236534
PrevKeyFrame TimeStamp: 1523957619.058309317
1523957619.380722046,3.228606
PrevKeyFrame TimeStamp: 1523957619.308509350
1523957619.585498333,3.207795
PrevKeyFrame TimeStamp: 1523957619.560244799
1523957619.790180206,3.201849
PrevKeyFrame TimeStamp: 1523957619.858595848
1523957620.199426413,3.210768
PrevKeyFrame TimeStamp: 1523957620.108679771
1523957620.608932734,3.206804
PrevKeyFrame TimeStamp: 1523957620.510104656
1523957620.815166950,3.209777
PrevKeyFrame TimeStamp: 1523957620.808814764
1523957621.020031691,3.221669
PrevKeyFrame TimeStamp: 1523957621.059064865
1523957621.224032879,3.244462
PrevKeyFrame TimeStamp: 1523957621.309257746
1523957621.633355379,3.233561
PrevKeyFrame TimeStamp: 1523957621.559711456
1523957621.837579966,3.253380
PrevKeyFrame TimeStamp: 1523957621.810564280
1523957622.042226553,3.270227
PrevKeyFrame TimeStamp: 1523957622.110709667
1523957622.451731205,3.249416
PrevKeyFrame TimeStamp: 1523957622.409861803
1523957622.656525373,3.260317
PrevKeyFrame TimeStamp: 1523957622.661030531
1523957622.861680746,3.270227
PrevKeyFrame TimeStamp: 1523957622.961564302
1523957623.270878315,3.256353
PrevKeyFrame TimeStamp: 1523957623.213716984
1523957623.475563049,3.272209
PrevKeyFrame TimeStamp: 1523957623.510197401
1523957623.680788755,3.281128
PrevKeyFrame TimeStamp: 1523957623.760399342
1523957624.090458870,3.274191
PrevKeyFrame TimeStamp: 1523957623.960753441
1523957624.500289440,3.277164
PrevKeyFrame TimeStamp: 1523957624.461802244
1523957624.909250736,3.263290
PrevKeyFrame TimeStamp: 1523957624.910698414
1523957625.114577532,3.250407
PrevKeyFrame TimeStamp: 1523957625.211359501
1523957625.524322748,3.247434
PrevKeyFrame TimeStamp: 1523957625.462424517
1523957625.728486538,3.255362
PrevKeyFrame TimeStamp: 1523957625.762508869
1523957625.933538675,3.240498
PrevKeyFrame TimeStamp: 1523957626.012729168
1523957626.342926264,3.224642
PrevKeyFrame TimeStamp: 1523957626.262827635
1523957626.548146486,3.221669
PrevKeyFrame TimeStamp: 1523957626.561689138
1523957626.752454042,3.221669
PrevKeyFrame TimeStamp: 1523957626.811995029
1523957627.161786795,3.209777
PrevKeyFrame TimeStamp: 1523957627.110738516
1523957627.366920471,3.212750
PrevKeyFrame TimeStamp: 1523957627.362302780
1523957627.571718931,3.217705
PrevKeyFrame TimeStamp: 1523957627.613090277
1523957627.776541710,3.234552
PrevKeyFrame TimeStamp: 1523957627.813117981
1523957628.185752869,3.242480
PrevKeyFrame TimeStamp: 1523957628.112953186
1523957628.390473843,3.241488
PrevKeyFrame TimeStamp: 1523957628.413672209
1523957628.799391270,3.241488
PrevKeyFrame TimeStamp: 1523957628.712502480
1523957629.003983498,3.247434
PrevKeyFrame TimeStamp: 1523957628.962755442
1523957629.209006310,3.249416
PrevKeyFrame TimeStamp: 1523957629.214004755
1523957629.414581060,3.256353
PrevKeyFrame TimeStamp: 1523957629.465028763
1523957629.824589252,3.266263
PrevKeyFrame TimeStamp: 1523957629.762653351
1523957630.028893471,3.253380
PrevKeyFrame TimeStamp: 1523957630.013127804
1523957630.437551737,3.276173
PrevKeyFrame TimeStamp: 1523957630.463442326
1523957630.847051620,3.265272
PrevKeyFrame TimeStamp: 1523957630.763492584
1523957631.052218676,3.250407
PrevKeyFrame TimeStamp: 1523957631.064914942
1523957631.461895466,3.232570
PrevKeyFrame TimeStamp: 1523957631.363214970
1523957631.666037083,3.233561
PrevKeyFrame TimeStamp: 1523957631.613573551
1523957631.870959759,3.228606
PrevKeyFrame TimeStamp: 1523957631.864541769
1523957632.075709581,3.225633
PrevKeyFrame TimeStamp: 1523957632.164184570
1523957632.485340357,3.195904
PrevKeyFrame TimeStamp: 1523957632.464144230
1523957632.689930677,3.233561
PrevKeyFrame TimeStamp: 1523957632.714513779
1523957633.099591494,3.204822
PrevKeyFrame TimeStamp: 1523957633.014794827
1523957633.303896189,3.214732
PrevKeyFrame TimeStamp: 1523957633.214546204
1523957633.508785486,3.217705
PrevKeyFrame TimeStamp: 1523957633.515057087
1523957633.713172436,3.216714
PrevKeyFrame TimeStamp: 1523957633.765209913
1523957633.918316841,3.212750
PrevKeyFrame TimeStamp: 1523957634.015256166
1523957634.327671051,3.214732
PrevKeyFrame TimeStamp: 1523957634.265362263
1523957634.532383442,3.209777
PrevKeyFrame TimeStamp: 1523957634.565013409
1523957634.737556458,3.213741
PrevKeyFrame TimeStamp: 1523957634.815798759
1523957635.147112608,3.215723
PrevKeyFrame TimeStamp: 1523957635.116003036
1523957635.352087975,3.228606
PrevKeyFrame TimeStamp: 1523957635.415229559
1523957635.761462688,3.227615
PrevKeyFrame TimeStamp: 1523957635.666766882
1523957635.965126753,3.218696
PrevKeyFrame TimeStamp: 1523957635.966305256
1523957636.171592951,3.207795
PrevKeyFrame TimeStamp: 1523957636.217425585
1523957636.376689911,3.209777
PrevKeyFrame TimeStamp: 1523957636.415696144
1523957636.786631584,3.174102
PrevKeyFrame TimeStamp: 1523957636.716733932
1523957636.991450071,3.155273
PrevKeyFrame TimeStamp: 1523957637.015692472
1523957637.196336269,3.176084
PrevKeyFrame TimeStamp: 1523957637.265934706
1523957637.605959654,3.138427
PrevKeyFrame TimeStamp: 1523957637.567585707
1523957637.810359955,3.117616
PrevKeyFrame TimeStamp: 1523957637.867478371
1523957638.015626669,3.109689
PrevKeyFrame TimeStamp: 1523957638.117759705
1523957638.424519539,3.116625
PrevKeyFrame TimeStamp: 1523957638.417313099
1523957638.629076958,3.118607
PrevKeyFrame TimeStamp: 1523957638.718204021
1523957639.038284063,3.100770
PrevKeyFrame TimeStamp: 1523957639.016804457
1523957639.243530750,3.127526
PrevKeyFrame TimeStamp: 1523957639.267871380
1523957639.652792454,3.116625
PrevKeyFrame TimeStamp: 1523957639.567379475
1523957639.858198881,3.140409
PrevKeyFrame TimeStamp: 1523957639.817736149
1523957640.063152075,3.142391
PrevKeyFrame TimeStamp: 1523957640.117825747
1523957640.470812321,3.176084
PrevKeyFrame TimeStamp: 1523957640.418076992
1523957640.675156832,3.171129
PrevKeyFrame TimeStamp: 1523957640.719823122
1523957641.084910870,3.182030
PrevKeyFrame TimeStamp: 1523957641.017460346
1523957641.289996862,3.168156
PrevKeyFrame TimeStamp: 1523957641.267554283
1523957641.494616270,3.193922
PrevKeyFrame TimeStamp: 1523957641.518088102
1523957641.904634714,3.187976
PrevKeyFrame TimeStamp: 1523957641.818616867
1523957642.109374523,3.197886
PrevKeyFrame TimeStamp: 1523957642.069045305
1523957642.314666986,3.173111
PrevKeyFrame TimeStamp: 1523957642.269066811
1523957642.519020796,3.185994
PrevKeyFrame TimeStamp: 1523957642.519354582
1523957642.928332090,3.184012
PrevKeyFrame TimeStamp: 1523957642.969676495
1523957643.132637739,3.164192
PrevKeyFrame TimeStamp: 1523957643.218844891
1523957643.542600632,3.140409
PrevKeyFrame TimeStamp: 1523957643.468904257
1523957643.746952772,3.117616
PrevKeyFrame TimeStamp: 1523957643.769762754
1523957644.156762362,3.094824
PrevKeyFrame TimeStamp: 1523957644.069219112
1523957644.361544609,3.098788
PrevKeyFrame TimeStamp: 1523957644.370507717
1523957644.977080822,3.042302
PrevKeyFrame TimeStamp: 1523957644.869894028
1523957644.977080822,3.042302
PrevKeyFrame TimeStamp: 1523957645.019525528
1523957645.386308908,3.021492
PrevKeyFrame TimeStamp: 1523957645.319808245
1523957645.591809511,3.016536
PrevKeyFrame TimeStamp: 1523957645.570265532
1523957645.796634674,3.017528
PrevKeyFrame TimeStamp: 1523957645.870342731
1523957646.206105471,3.011582
PrevKeyFrame TimeStamp: 1523957646.169575453
1523957646.411046982,2.986807
PrevKeyFrame TimeStamp: 1523957646.421525955
1523957646.820370436,2.986807
PrevKeyFrame TimeStamp: 1523957646.721060514
1523957647.229391575,2.972934
PrevKeyFrame TimeStamp: 1523957647.270297289
1523957647.434509993,2.956087
PrevKeyFrame TimeStamp: 1523957647.470585585
1523957647.843762636,2.997708
PrevKeyFrame TimeStamp: 1523957647.770448923
1523957648.049056053,3.001672
PrevKeyFrame TimeStamp: 1523957648.022066355
1523957648.252994537,3.006627
PrevKeyFrame TimeStamp: 1523957648.322203398
1523957648.662600994,3.061131
PrevKeyFrame TimeStamp: 1523957648.621142387
1523957648.867313862,3.060140
PrevKeyFrame TimeStamp: 1523957648.871699810
1523957649.073995352,3.073022
PrevKeyFrame TimeStamp: 1523957649.121788502
1523957649.483580351,3.074013
PrevKeyFrame TimeStamp: 1523957649.421075106
1523957649.688348770,3.056176
PrevKeyFrame TimeStamp: 1523957649.671532393
1523957649.893697500,3.056176
PrevKeyFrame TimeStamp: 1523957649.921561003
1523957650.098857880,3.031401
PrevKeyFrame TimeStamp: 1523957650.172922373
1523957650.508393288,2.979870
PrevKeyFrame TimeStamp: 1523957650.423102856
1523957650.917951584,2.937258
PrevKeyFrame TimeStamp: 1523957650.772527695
1523957650.917951584,2.937258
PrevKeyFrame TimeStamp: 1523957650.921348810
1523957651.123119354,2.957078
PrevKeyFrame TimeStamp: 1523957651.171888113
1523957651.739964485,2.905547
PrevKeyFrame TimeStamp: 1523957651.622175694
1523957651.739964485,2.905547
PrevKeyFrame TimeStamp: 1523957651.772453308
1523957652.148998499,2.914466
PrevKeyFrame TimeStamp: 1523957652.072899103
1523957652.354219675,2.903565
PrevKeyFrame TimeStamp: 1523957652.372481346
1523957652.763799906,2.918430
PrevKeyFrame TimeStamp: 1523957652.672340393
1523957652.969252586,2.916448
PrevKeyFrame TimeStamp: 1523957652.923276663
1523957653.176124334,2.942213
PrevKeyFrame TimeStamp: 1523957653.173553705
1523957653.379403114,2.960051
PrevKeyFrame TimeStamp: 1523957653.473996639
1523957653.788459778,2.956087
PrevKeyFrame TimeStamp: 1523957653.724819660
1523957653.993331671,2.977888
PrevKeyFrame TimeStamp: 1523957654.023365498
1523957654.198223829,2.985816
PrevKeyFrame TimeStamp: 1523957654.273577452
1523957654.607951880,2.984825
PrevKeyFrame TimeStamp: 1523957654.522999287
1523957654.812806606,2.996717
PrevKeyFrame TimeStamp: 1523957654.873132706
1523957655.221857548,2.980861
PrevKeyFrame TimeStamp: 1523957655.123148680
1523957655.427111864,2.969961
PrevKeyFrame TimeStamp: 1523957655.373618126
1523957655.631984711,2.958069
PrevKeyFrame TimeStamp: 1523957655.623696327
1523957655.836078882,2.957078
PrevKeyFrame TimeStamp: 1523957655.873850822
1523957656.245677471,2.924376
PrevKeyFrame TimeStamp: 1523957656.174966812
1523957656.450300455,2.928339
PrevKeyFrame TimeStamp: 1523957656.425052643
1523957656.655196905,2.891673
PrevKeyFrame TimeStamp: 1523957656.675415277
1523957657.065057516,2.860953
PrevKeyFrame TimeStamp: 1523957656.974634647
1523957657.267979383,2.851043
PrevKeyFrame TimeStamp: 1523957657.225195169
1523957657.472832441,2.845097
PrevKeyFrame TimeStamp: 1523957657.524277687
1523957657.677193880,2.804467
PrevKeyFrame TimeStamp: 1523957657.776113272
1523957658.087004423,2.803476
PrevKeyFrame TimeStamp: 1523957658.026134014
1523957658.291580677,2.767801
PrevKeyFrame TimeStamp: 1523957658.324998379
1523957658.496047258,2.735099
PrevKeyFrame TimeStamp: 1523957658.575416803
1523957658.906386852,2.719243
PrevKeyFrame TimeStamp: 1523957658.825650930
1523957659.111216068,2.709333
PrevKeyFrame TimeStamp: 1523957659.125468016
1523957659.520277739,2.652848
PrevKeyFrame TimeStamp: 1523957659.425890684
1523957659.724536896,2.653839
PrevKeyFrame TimeStamp: 1523957659.725948334
1523957659.929446459,2.640956
PrevKeyFrame TimeStamp: 1523957659.925269842
1523957660.134422779,2.636001
PrevKeyFrame TimeStamp: 1523957660.125875473
1523957660.543971300,2.601317
PrevKeyFrame TimeStamp: 1523957660.526655197
1523957660.748859644,2.603299
PrevKeyFrame TimeStamp: 1523957660.826665401
1523957661.157458782,2.582488
PrevKeyFrame TimeStamp: 1523957661.126217127
1523957661.362223148,2.592398
PrevKeyFrame TimeStamp: 1523957661.376605988
1523957661.771841049,2.581497
PrevKeyFrame TimeStamp: 1523957661.676140070
1523957661.977104187,2.594380
PrevKeyFrame TimeStamp: 1523957661.926140785
1523957662.180910587,2.568614
PrevKeyFrame TimeStamp: 1523957662.176362038
1523957662.385980129,2.580506
PrevKeyFrame TimeStamp: 1523957662.476714849
1523957662.796078444,2.551768
PrevKeyFrame TimeStamp: 1523957662.726897240
1523957663.000530958,2.538885
PrevKeyFrame TimeStamp: 1523957662.926672697
1523957663.206019402,2.526003
PrevKeyFrame TimeStamp: 1523957663.126856327
1523957663.820891142,2.511138
PrevKeyFrame TimeStamp: 1523957663.827368021
1523957664.025822401,2.486363
PrevKeyFrame TimeStamp: 1523957664.077596426
1523957664.231825829,2.495282
PrevKeyFrame TimeStamp: 1523957664.328234911
1523957664.641111851,2.500237
PrevKeyFrame TimeStamp: 1523957664.628853083
1523957664.845954180,2.512129
PrevKeyFrame TimeStamp: 1523957664.928150892
1523957665.255004644,2.502219
PrevKeyFrame TimeStamp: 1523957665.227595806
1523957665.460215569,2.512129
PrevKeyFrame TimeStamp: 1523957665.478489399
1523957665.869189739,2.534921
PrevKeyFrame TimeStamp: 1523957665.777807236
1523957666.073886156,2.524021
PrevKeyFrame TimeStamp: 1523957666.079728127
1523957666.279097557,2.524021
PrevKeyFrame TimeStamp: 1523957666.328384638
1523957667.098444939,2.512129
PrevKeyFrame TimeStamp: 1523957667.078260183
1523957667.303637266,2.536903
PrevKeyFrame TimeStamp: 1523957667.328883171
1523957667.508562565,2.535912
PrevKeyFrame TimeStamp: 1523957667.580003262
1523957667.917924404,2.523030
PrevKeyFrame TimeStamp: 1523957667.879592419
1523957668.122555494,2.510147
PrevKeyFrame TimeStamp: 1523957668.179840803
1523957668.532902002,2.500237
PrevKeyFrame TimeStamp: 1523957668.479111910
1523957668.737740993,2.510147
PrevKeyFrame TimeStamp: 1523957668.729437590
1523957668.942358732,2.497264
PrevKeyFrame TimeStamp: 1523957668.980196476
1523957669.351671696,2.476454
PrevKeyFrame TimeStamp: 1523957669.278816462
1523957669.556157827,2.463571
PrevKeyFrame TimeStamp: 1523957669.529999495
1523957669.965943098,2.445733
PrevKeyFrame TimeStamp: 1523957669.981040239
1523957670.375679255,2.427896
PrevKeyFrame TimeStamp: 1523957670.279529810
1523957670.579615831,2.435824
PrevKeyFrame TimeStamp: 1523957670.530139923
1523957670.784608841,2.436815
PrevKeyFrame TimeStamp: 1523957670.780721664
1523957670.988991261,2.436815
PrevKeyFrame TimeStamp: 1523957671.030873060
1523957671.398324251,2.434833
PrevKeyFrame TimeStamp: 1523957671.330754995
1523957671.602988005,2.422941
PrevKeyFrame TimeStamp: 1523957671.630217791
1523957671.808032751,2.451679
PrevKeyFrame TimeStamp: 1523957671.880327463
1523957672.217465162,2.444742
PrevKeyFrame TimeStamp: 1523957672.131257772
1523957672.421889782,2.441769
PrevKeyFrame TimeStamp: 1523957673.531116486
1523957674.265638590,2.487355
PrevKeyFrame TimeStamp: 1523957674.331361532
1523957674.674841642,2.511138
PrevKeyFrame TimeStamp: 1523957674.582999468
1523957674.879906893,2.503210
PrevKeyFrame TimeStamp: 1523957674.882011414
1523957675.084233761,2.492309
PrevKeyFrame TimeStamp: 1523957675.181847095
1523957675.493551016,2.489336
PrevKeyFrame TimeStamp: 1523957675.432293177
1523957675.698519945,2.480417
PrevKeyFrame TimeStamp: 1523957675.733905077
1523957676.108053446,2.477445
PrevKeyFrame TimeStamp: 1523957676.032400846
1523957676.312689543,2.495282
PrevKeyFrame TimeStamp: 1523957676.282557487
1523957676.517540693,2.470508
PrevKeyFrame TimeStamp: 1523957676.583312035
1523957676.926668406,2.450688
PrevKeyFrame TimeStamp: 1523957676.882427454
1523957677.340049028,2.420959
PrevKeyFrame TimeStamp: 1523957677.283332348
1523957677.545387983,2.429878
PrevKeyFrame TimeStamp: 1523957677.583226681
1523957677.749721289,2.416995
PrevKeyFrame TimeStamp: 1523957677.833423138
1523957678.159489155,2.419968
PrevKeyFrame TimeStamp: 1523957678.133414745
1523957678.363885880,2.418977
PrevKeyFrame TimeStamp: 1523957678.384469271
1523957678.773868561,2.461589
PrevKeyFrame TimeStamp: 1523957678.684671879
1523957678.978164673,2.469517
PrevKeyFrame TimeStamp: 1523957678.984497786
1523957679.182856560,2.477445
PrevKeyFrame TimeStamp: 1523957679.234515905
1523957679.591887712,2.494291
PrevKeyFrame TimeStamp: 1523957679.534444332
1523957679.796735048,2.519066
PrevKeyFrame TimeStamp: 1523957679.883912325
1523957680.820440531,2.496273
PrevKeyFrame TimeStamp: 1523957680.833838701
1523957681.024842739,2.499246
PrevKeyFrame TimeStamp: 1523957681.084254265
1523957681.433371782,2.525012
PrevKeyFrame TimeStamp: 1523957681.334269524
1523957681.638155699,2.528975
PrevKeyFrame TimeStamp: 1523957681.584704638
1523957681.842437029,2.537894
PrevKeyFrame TimeStamp: 1523957681.884391546
1523957682.047467947,2.539876
PrevKeyFrame TimeStamp: 1523957682.134502649
1523957682.457295179,2.573570
PrevKeyFrame TimeStamp: 1523957682.384531498
1523957682.661719561,2.574560
PrevKeyFrame TimeStamp: 1523957682.636313200
1523957682.866506815,2.571588
PrevKeyFrame TimeStamp: 1523957682.934888601
1523957683.276271343,2.579515
PrevKeyFrame TimeStamp: 1523957683.285862446
1523957683.686856031,2.569606
PrevKeyFrame TimeStamp: 1523957683.737573624
1523957683.891501188,2.573570
PrevKeyFrame TimeStamp: 1523957683.936080694
1523957684.301659107,2.553750
PrevKeyFrame TimeStamp: 1523957684.236032486
1523957684.506713629,2.564651
PrevKeyFrame TimeStamp: 1523957684.486924887
1523957684.711664677,2.566633
PrevKeyFrame TimeStamp: 1523957684.787040710
1523957685.121134996,2.569606
PrevKeyFrame TimeStamp: 1523957685.086484194
1523957685.325745106,2.584470
PrevKeyFrame TimeStamp: 1523957685.337527514
1523957685.734733582,2.596362
PrevKeyFrame TimeStamp: 1523957685.636350870
1523957685.940566540,2.601317
PrevKeyFrame TimeStamp: 1523957685.887086868
1523957686.145333767,2.598344
PrevKeyFrame TimeStamp: 1523957686.187298059
1523957686.555133581,2.582488
PrevKeyFrame TimeStamp: 1523957686.486635685
1523957686.555133581,2.582488
PrevKeyFrame TimeStamp: 1523957686.636278152
1523957686.964588881,2.604290
PrevKeyFrame TimeStamp: 1523957686.936531782
1523957687.578140259,2.601317
PrevKeyFrame TimeStamp: 1523957687.537095308
1523957687.784246445,2.578524
PrevKeyFrame TimeStamp: 1523957687.788058519
1523957687.990300417,2.582488
PrevKeyFrame TimeStamp: 1523957688.088724136
1523957688.399317026,2.572578
PrevKeyFrame TimeStamp: 1523957688.387633801
1523957688.604406357,2.560687
PrevKeyFrame TimeStamp: 1523957688.638770580
1523957688.808914423,2.547804
PrevKeyFrame TimeStamp: 1523957688.889013529
1523957689.218134165,2.553750
PrevKeyFrame TimeStamp: 1523957689.189258575
1523957689.422854185,2.541858
PrevKeyFrame TimeStamp: 1523957689.488497734
1523957689.832150698,2.551768
PrevKeyFrame TimeStamp: 1523957689.788801908
1523957690.037057877,2.553750
PrevKeyFrame TimeStamp: 1523957689.988256693
1523957690.037057877,2.553750
PrevKeyFrame TimeStamp: 1523957690.088533401
1523957690.242021084,2.543840
PrevKeyFrame TimeStamp: 1523957690.289230108
1523957690.446341991,2.534921
PrevKeyFrame TimeStamp: 1523957690.488546371
1523957690.651276827,2.541858
PrevKeyFrame TimeStamp: 1523957690.639830828
1523957690.855737686,2.555732
PrevKeyFrame TimeStamp: 1523957690.838215351
1523957691.060778379,2.554741
PrevKeyFrame TimeStamp: 1523957691.038343430
1523957691.265439272,2.556723
PrevKeyFrame TimeStamp: 1523957691.289542913
1523957691.469885111,2.551768
PrevKeyFrame TimeStamp: 1523957691.538480043
1523957691.879765987,2.589425
PrevKeyFrame TimeStamp: 1523957691.789698124
1523957692.084032536,2.550777
PrevKeyFrame TimeStamp: 1523957692.039339542
1523957692.288980484,2.584470
PrevKeyFrame TimeStamp: 1523957692.338907957
1523957692.494199991,2.574560
PrevKeyFrame TimeStamp: 1523957692.590389967
1523957692.903737783,2.588434
PrevKeyFrame TimeStamp: 1523957692.839412689
1523957693.108278990,2.585461
PrevKeyFrame TimeStamp: 1523957693.089820385
1523957693.313165188,2.590416
PrevKeyFrame TimeStamp: 1523957693.339010954
1523957693.927293301,2.587443
PrevKeyFrame TimeStamp: 1523957693.791083574
1523957694.131871700,2.596362
PrevKeyFrame TimeStamp: 1523957694.040489435
1523957694.338112354,2.569606
PrevKeyFrame TimeStamp: 1523957694.341543436
1523957694.542143822,2.580506
PrevKeyFrame TimeStamp: 1523957694.641350269
1523957694.951654196,2.589425
PrevKeyFrame TimeStamp: 1523957694.940429926
1523957695.156850815,2.582488
PrevKeyFrame TimeStamp: 1523957695.240192652
1523957695.573408604,2.573570
PrevKeyFrame TimeStamp: 1523957695.491980791
1523957695.778690100,2.582488
PrevKeyFrame TimeStamp: 1523957695.743993521
1523957695.983015776,2.569606
PrevKeyFrame TimeStamp: 1523957696.040376186
1523957696.392365217,2.554741
PrevKeyFrame TimeStamp: 1523957696.291957855
1523957696.392365217,2.554741
PrevKeyFrame TimeStamp: 1523957696.491015911
1523957696.596484900,2.568614
PrevKeyFrame TimeStamp: 1523957696.590833426
1523957697.006175280,2.557714
PrevKeyFrame TimeStamp: 1523957696.994306087
1523957697.415907145,2.539876
PrevKeyFrame TimeStamp: 1523957697.491814613
1523957697.826645613,2.544831
PrevKeyFrame TimeStamp: 1523957697.791556358
1523957698.031140566,2.542849
PrevKeyFrame TimeStamp: 1523957698.041974068
1523957698.440133333,2.548795
PrevKeyFrame TimeStamp: 1523957698.341295004
1523957698.644807339,2.556723
PrevKeyFrame TimeStamp: 1523957698.641379595
1523957698.849422693,2.562669
PrevKeyFrame TimeStamp: 1523957698.942149401
1523957699.257614374,2.581497
PrevKeyFrame TimeStamp: 1523957699.240687847
1523957699.462430954,2.593389
PrevKeyFrame TimeStamp: 1523957699.492772818
1523957699.667013407,2.599335
PrevKeyFrame TimeStamp: 1523957699.742893934
1523957700.076952696,2.600326
PrevKeyFrame TimeStamp: 1523957700.092408895
1523957700.690986156,2.601317
PrevKeyFrame TimeStamp: 1523957700.692216635
1523957700.894889116,2.610236
PrevKeyFrame TimeStamp: 1523957700.943017960
1523957701.305041790,2.600326
PrevKeyFrame TimeStamp: 1523957701.244014978
1523957701.509236574,2.593389
PrevKeyFrame TimeStamp: 1523957701.542668343
1523957701.919029236,2.582488
PrevKeyFrame TimeStamp: 1523957701.842776775
1523957702.123956919,2.573570
PrevKeyFrame TimeStamp: 1523957702.093679905
1523957702.328439951,2.571588
PrevKeyFrame TimeStamp: 1523957702.393711329
1523957702.739247322,2.581497
PrevKeyFrame TimeStamp: 1523957702.693131685
1523957702.944646358,2.574560
PrevKeyFrame TimeStamp: 1523957702.943371773
1523957703.149013281,2.595371
PrevKeyFrame TimeStamp: 1523957703.244617462
1523957703.558396578,2.585461
PrevKeyFrame TimeStamp: 1523957704.744512320
1523957705.195613623,2.545822
PrevKeyFrame TimeStamp: 1523957705.094515800
1523957705.400831699,2.523030
PrevKeyFrame TimeStamp: 1523957705.345104694
1523957705.605808020,2.537894
PrevKeyFrame TimeStamp: 1523957705.644292593
1523957705.810729265,2.551768
PrevKeyFrame TimeStamp: 1523957705.894642830
1523957706.220448971,2.526003
PrevKeyFrame TimeStamp: 1523957706.144649029
1523957706.425256491,2.548795
PrevKeyFrame TimeStamp: 1523957706.394833088
1523957706.629841089,2.511138
PrevKeyFrame TimeStamp: 1523957706.645944834
1523957707.039937973,2.522039
PrevKeyFrame TimeStamp: 1523957706.945067644
1523957707.244220018,2.533930
PrevKeyFrame TimeStamp: 1523957707.195666552
1523957707.449603558,2.530957
PrevKeyFrame TimeStamp: 1523957707.495431900
1523957707.654166937,2.543840
PrevKeyFrame TimeStamp: 1523957707.696669579
1523957707.858185053,2.548795
PrevKeyFrame TimeStamp: 1523957707.946010351
1523957708.267635345,2.544831
PrevKeyFrame TimeStamp: 1523957708.195734262
1523957708.472278118,2.555732
PrevKeyFrame TimeStamp: 1523957708.445542574
1523957708.677136898,2.558705
PrevKeyFrame TimeStamp: 1523957708.696733952
1523957708.881948709,2.563660
PrevKeyFrame TimeStamp: 1523957708.946093798
1523957709.291413069,2.554741
PrevKeyFrame TimeStamp: 1523957709.196424961
1523957709.495600224,2.555732
PrevKeyFrame TimeStamp: 1523957709.445975065
1523957709.701418400,2.570596
PrevKeyFrame TimeStamp: 1523957709.746600628
1523957709.906127691,2.565642
PrevKeyFrame TimeStamp: 1523957709.997238159
1523957710.315102339,2.567624
PrevKeyFrame TimeStamp: 1523957710.296312809
1523957710.520048857,2.557714
PrevKeyFrame TimeStamp: 1523957710.546878576
1523957710.929917574,2.567624
PrevKeyFrame TimeStamp: 1523957710.846441746
1523957711.134148121,2.551768
PrevKeyFrame TimeStamp: 1523957711.098132610
1523957711.339083195,2.537894
PrevKeyFrame TimeStamp: 1523957711.396935701
1523957711.749712944,2.550777
PrevKeyFrame TimeStamp: 1523957711.648542166
1523957711.954405308,2.537894
PrevKeyFrame TimeStamp: 1523957711.897194386
1523957712.159321547,2.546813
PrevKeyFrame TimeStamp: 1523957712.148832321
1523957712.568644524,2.539876
PrevKeyFrame TimeStamp: 1523957712.548240900
1523957713.183352470,2.513120
PrevKeyFrame TimeStamp: 1523957713.098110676
1523957713.387581587,2.536903
PrevKeyFrame TimeStamp: 1523957713.349159479
1523957713.592510223,2.515102
PrevKeyFrame TimeStamp: 1523957713.647764921
1523957713.797420740,2.540867
PrevKeyFrame TimeStamp: 1523957713.898562193
1523957714.207185507,2.533930
PrevKeyFrame TimeStamp: 1523957714.148592710
1523957714.411788940,2.542849
PrevKeyFrame TimeStamp: 1523957714.398766041
1523957714.616635323,2.545822
PrevKeyFrame TimeStamp: 1523957714.698428631
1523957715.026191235,2.568614
PrevKeyFrame TimeStamp: 1523957714.999439240
1523957715.231188059,2.541858
PrevKeyFrame TimeStamp: 1523957715.298676252
1523957715.640186787,2.557714
PrevKeyFrame TimeStamp: 1523957715.499732494
1523957715.845299006,2.549786
PrevKeyFrame TimeStamp: 1523957715.899030209
1523957716.051006317,2.535912
PrevKeyFrame TimeStamp: 1523957716.149050713
1523957716.459496260,2.541858
PrevKeyFrame TimeStamp: 1523957716.399277687
1523957716.664715052,2.558705
PrevKeyFrame TimeStamp: 1523957716.650623322
1523957716.868810177,2.544831
PrevKeyFrame TimeStamp: 1523957716.949241400
1523957717.278428793,2.580506
PrevKeyFrame TimeStamp: 1523957717.199636221
1523957717.483046770,2.557714
PrevKeyFrame TimeStamp: 1523957717.449640036
1523957717.687641144,2.565642
PrevKeyFrame TimeStamp: 1523957717.700999022
1523957718.097974300,2.557714
PrevKeyFrame TimeStamp: 1523957718.002741098
1523957718.097974300,2.557714
PrevKeyFrame TimeStamp: 1523957718.200305700
1523957718.508148909,2.546813
PrevKeyFrame TimeStamp: 1523957718.450557232
1523957718.712858915,2.556723
PrevKeyFrame TimeStamp: 1523957718.801339149
1523957719.122290611,2.545822
PrevKeyFrame TimeStamp: 1523957719.101155758
1523957719.327200174,2.535912
PrevKeyFrame TimeStamp: 1523957719.401227951
1523957719.736845493,2.539876
PrevKeyFrame TimeStamp: 1523957719.651962280
1523957719.941669941,2.532939
PrevKeyFrame TimeStamp: 1523957719.951970339
1523957720.351465940,2.536903
PrevKeyFrame TimeStamp: 1523957720.250873566
1523957720.555485249,2.530957
PrevKeyFrame TimeStamp: 1523957720.504223585
1523957720.760176420,2.526003
PrevKeyFrame TimeStamp: 1523957720.801271439
1523957720.964705229,2.546813
PrevKeyFrame TimeStamp: 1523957721.051787615
1523957721.374278545,2.534921
PrevKeyFrame TimeStamp: 1523957721.302555561
1523957721.783711910,2.538885
PrevKeyFrame TimeStamp: 1523957721.701886177
1523957722.193327904,2.549786
PrevKeyFrame TimeStamp: 1523957722.102298498
1523957722.398427963,2.550777
PrevKeyFrame TimeStamp: 1523957722.402312756
1523957722.602710009,2.549786
PrevKeyFrame TimeStamp: 1523957722.652338743
1523957723.011986017,2.573570
PrevKeyFrame TimeStamp: 1523957722.952413559
1523957723.216230392,2.567624
PrevKeyFrame TimeStamp: 1523957723.252568483
1523957723.422443151,2.545822
PrevKeyFrame TimeStamp: 1523957723.502751589
1523957723.832174063,2.541858
PrevKeyFrame TimeStamp: 1523957723.803199053
1523957724.036744118,2.551768
PrevKeyFrame TimeStamp: 1523957724.103640079
1523957724.446122646,2.546813
PrevKeyFrame TimeStamp: 1523957724.402574778
1523957724.650562763,2.525012
PrevKeyFrame TimeStamp: 1523957724.702228785
1523957724.855805874,2.524021
PrevKeyFrame TimeStamp: 1523957724.853719711
1523957725.060767889,2.516093
PrevKeyFrame TimeStamp: 1523957725.006056070
1523957725.265771866,2.511138
PrevKeyFrame TimeStamp: 1523957725.202520370
1523957725.470573187,2.518075
PrevKeyFrame TimeStamp: 1523957725.503823996
1523957725.880072594,2.515102
PrevKeyFrame TimeStamp: 1523957725.802717209
1523957726.084817410,2.543840
PrevKeyFrame TimeStamp: 1523957726.054548502
1523957726.289317131,2.532939
PrevKeyFrame TimeStamp: 1523957726.352859735
1523957726.698616743,2.528975
PrevKeyFrame TimeStamp: 1523957726.604276419
1523957726.904306173,2.539876
PrevKeyFrame TimeStamp: 1523957726.905004501
1523957727.108827353,2.533930
PrevKeyFrame TimeStamp: 1523957727.203400612
1523957727.517809153,2.548795
PrevKeyFrame TimeStamp: 1523957727.503824234
1523957727.723040819,2.565642
PrevKeyFrame TimeStamp: 1523957727.704281330
1523957727.723040819,2.565642
PrevKeyFrame TimeStamp: 1523957727.754321337
1523957727.927294254,2.548795
PrevKeyFrame TimeStamp: 1523957728.004030466
1523957728.132166386,2.557714
PrevKeyFrame TimeStamp: 1523957728.153685570
1523957728.337408543,2.553750
PrevKeyFrame TimeStamp: 1523957728.303702354
1523957728.543402195,2.549786
PrevKeyFrame TimeStamp: 1523957728.454529047
1523957728.747972250,2.562669
PrevKeyFrame TimeStamp: 1523957728.654034615
1523957728.954208612,2.562669
PrevKeyFrame TimeStamp: 1523957728.855079889
1523957728.954208612,2.562669
PrevKeyFrame TimeStamp: 1523957729.054736614
1523957729.157468319,2.551768
PrevKeyFrame TimeStamp: 1523957729.255105734
1523957729.362331867,2.576542
PrevKeyFrame TimeStamp: 1523957729.455372572
1523957729.567154884,2.570596
PrevKeyFrame TimeStamp: 1523957729.654470682
1523957729.772426844,2.569606
PrevKeyFrame TimeStamp: 1523957729.854593039
1523957729.977318048,2.551768
PrevKeyFrame TimeStamp: 1523957730.054491282
1523957730.182192087,2.548795
PrevKeyFrame TimeStamp: 1523957730.255077362
1523957730.386842012,2.542849
PrevKeyFrame TimeStamp: 1523957730.454575777
1523957730.591581106,2.542849
PrevKeyFrame TimeStamp: 1523957730.654846668
1523957731.001560926,2.520057
PrevKeyFrame TimeStamp: 1523957731.007239342
1523957731.207256794,2.501228
PrevKeyFrame TimeStamp: 1523957731.055691719
1523957731.207256794,2.501228
PrevKeyFrame TimeStamp: 1523957731.257559061
1523957731.412964344,2.494291
PrevKeyFrame TimeStamp: 1523957731.455664158
1523957731.617318392,2.469517
PrevKeyFrame TimeStamp: 1523957731.655927420
1523957731.822051764,2.479427
PrevKeyFrame TimeStamp: 1523957731.855377913
1523957732.026944399,2.464562
PrevKeyFrame TimeStamp: 1523957732.055364132
1523957732.229741812,2.449697
PrevKeyFrame TimeStamp: 1523957732.256482601
1523957732.434377909,2.455643
PrevKeyFrame TimeStamp: 1523957732.455581665
1523957732.639771700,2.444742
PrevKeyFrame TimeStamp: 1523957732.655719519
1523957732.843851089,2.469517
PrevKeyFrame TimeStamp: 1523957732.855726719
1523957733.048468590,2.460598
PrevKeyFrame TimeStamp: 1523957733.056352615
1523957733.253939390,2.462580
PrevKeyFrame TimeStamp: 1523957733.206125975
1523957733.253939390,2.462580
PrevKeyFrame TimeStamp: 1523957733.355869293
1523957733.458688736,2.489336
PrevKeyFrame TimeStamp: 1523957733.506164074
1523957733.664277554,2.493300
PrevKeyFrame TimeStamp: 1523957733.656170607
1523957733.869156599,2.484381
PrevKeyFrame TimeStamp: 1523957733.806103230
1523957734.073858261,2.484381
PrevKeyFrame TimeStamp: 1523957734.007163048
1523957734.073858261,2.484381
PrevKeyFrame TimeStamp: 1523957734.156182766
1523957734.278948784,2.507174
PrevKeyFrame TimeStamp: 1523957734.257303238
1523957734.484296322,2.490327
PrevKeyFrame TimeStamp: 1523957734.408032417
1523957734.484296322,2.490327
PrevKeyFrame TimeStamp: 1523957734.556280136
1523957734.688788891,2.509156
PrevKeyFrame TimeStamp: 1523957734.706630707
1523957734.893411160,2.505192
PrevKeyFrame TimeStamp: 1523957734.857704639
1523957735.098375320,2.511138
PrevKeyFrame TimeStamp: 1523957735.007049561
1523957735.098375320,2.511138
PrevKeyFrame TimeStamp: 1523957735.156544685
1523957735.303512096,2.513120
PrevKeyFrame TimeStamp: 1523957735.307571173
1523957735.507639647,2.508165
PrevKeyFrame TimeStamp: 1523957735.457494497
1523957735.507639647,2.508165
PrevKeyFrame TimeStamp: 1523957735.557603359
1523957735.712853670,2.521048
PrevKeyFrame TimeStamp: 1523957735.757363319
1523957735.918052197,2.512129
PrevKeyFrame TimeStamp: 1523957735.857496023
1523957736.122364044,2.526003
PrevKeyFrame TimeStamp: 1523957736.056962490
1523957736.122364044,2.526003
PrevKeyFrame TimeStamp: 1523957736.207007408
1523957736.327393770,2.542849
PrevKeyFrame TimeStamp: 1523957736.408071756
1523957736.532006264,2.547804
PrevKeyFrame TimeStamp: 1523957736.608477831
1523957736.737188578,2.564651
PrevKeyFrame TimeStamp: 1523957736.808204651
1523957736.941977262,2.563660
PrevKeyFrame TimeStamp: 1523957737.007984400
1523957737.146686792,2.565642
PrevKeyFrame TimeStamp: 1523957737.208191633
1523957737.351645947,2.593389
PrevKeyFrame TimeStamp: 1523957737.408505201
1523957737.555960894,2.580506
PrevKeyFrame TimeStamp: 1523957737.607664824
1523957737.760592461,2.591407
PrevKeyFrame TimeStamp: 1523957737.758284092
1523957737.965591431,2.586452
PrevKeyFrame TimeStamp: 1523957783.828115940
1523957784.049511909,2.494291
PrevKeyFrame TimeStamp: 1523957783.978331804
1523957784.254878283,2.476454
PrevKeyFrame TimeStamp: 1523957784.277738094
1523957784.458868980,2.455643
PrevKeyFrame TimeStamp: 1523957784.528344870
1523957784.869871140,2.449697
PrevKeyFrame TimeStamp: 1523957784.778583527
1523957785.076039791,2.470508
PrevKeyFrame TimeStamp: 1523957785.079160452
1523957785.280741215,2.469517
PrevKeyFrame TimeStamp: 1523957785.378116608
1523957785.688811779,2.501228
PrevKeyFrame TimeStamp: 1523957785.679046154
1523957785.894107580,2.491318
PrevKeyFrame TimeStamp: 1523957785.978313923
1523957786.303627729,2.503210
PrevKeyFrame TimeStamp: 1523957786.278481245
1523957786.508682728,2.501228
PrevKeyFrame TimeStamp: 1523957786.528714657
1523957786.712753773,2.504201
PrevKeyFrame TimeStamp: 1523957786.728305101
1523957786.917677641,2.505192
PrevKeyFrame TimeStamp: 1523957786.879589796
1523957787.122052431,2.494291
PrevKeyFrame TimeStamp: 1523957787.028719902
1523957787.122052431,2.494291
PrevKeyFrame TimeStamp: 1523957787.179086208
1523957787.326790810,2.494291
PrevKeyFrame TimeStamp: 1523957787.378552437
1523957787.531913280,2.494291
PrevKeyFrame TimeStamp: 1523957787.580312490
1523957787.736762047,2.480417
PrevKeyFrame TimeStamp: 1523957787.778885841
1523957787.941154957,2.488345
PrevKeyFrame TimeStamp: 1523957787.978241682
1523957788.146102190,2.477445
PrevKeyFrame TimeStamp: 1523957788.178715467
1523957788.350948095,2.472490
PrevKeyFrame TimeStamp: 1523957788.429789066
1523957788.760600090,2.468526
PrevKeyFrame TimeStamp: 1523957788.679046154
1523957788.965575933,2.484381
PrevKeyFrame TimeStamp: 1523957788.930634499
1523957789.170599461,2.490327
PrevKeyFrame TimeStamp: 1523957789.180779457
1523957789.375160694,2.467535
PrevKeyFrame TimeStamp: 1523957789.429414272
1523957789.580403566,2.468526
PrevKeyFrame TimeStamp: 1523957789.679620266
1523957789.989531517,2.463571
PrevKeyFrame TimeStamp: 1523957789.931415796
1523957790.222118616,-265.972504
PrevKeyFrame TimeStamp: 1523957790.231215715
1523957790.631362677,2.459607
PrevKeyFrame TimeStamp: 1523957790.530935526
1523957790.835953712,2.475463
PrevKeyFrame TimeStamp: 1523957790.829822302
1523957791.040991783,2.474472
PrevKeyFrame TimeStamp: 1523957791.130777359
1523957791.450549126,2.494291
PrevKeyFrame TimeStamp: 1523957791.430208683
1523957791.655200243,2.478436
PrevKeyFrame TimeStamp: 1523957791.730205774
1523957792.064464808,2.508165
PrevKeyFrame TimeStamp: 1523957792.030512810
1523957792.269757748,2.522039
PrevKeyFrame TimeStamp: 1523957792.331106424
1523957792.678783655,2.515102
PrevKeyFrame TimeStamp: 1523957792.631930590
1523957792.885850191,2.527985
PrevKeyFrame TimeStamp: 1523957792.981682062
1523957793.294570923,2.520057
PrevKeyFrame TimeStamp: 1523957793.330961466
1523957793.704210043,2.529966
PrevKeyFrame TimeStamp: 1523957793.682710171
1523957794.113241673,2.515102
PrevKeyFrame TimeStamp: 1523957794.032587767
1523957794.317944288,2.519066
PrevKeyFrame TimeStamp: 1523957794.382421017
1523957794.727053642,2.483391
PrevKeyFrame TimeStamp: 1523957794.732344866
1523957795.137763739,2.463571
PrevKeyFrame TimeStamp: 1523957795.081531286
1523957795.342451096,2.445733
PrevKeyFrame TimeStamp: 1523957795.432816267
1523957795.751411438,2.451679
PrevKeyFrame TimeStamp: 1523957795.782300949
1523957796.161344290,2.447715
PrevKeyFrame TimeStamp: 1523957796.133642912
1523957796.570576906,2.446724
PrevKeyFrame TimeStamp: 1523957796.482230186
1523957796.775125742,2.447715
PrevKeyFrame TimeStamp: 1523957796.832383156
1523957797.184924126,2.472490
PrevKeyFrame TimeStamp: 1523957797.182525158
1523957797.594917297,2.456634
PrevKeyFrame TimeStamp: 1523957797.533125162
1523957797.800356150,2.497264
PrevKeyFrame TimeStamp: 1523957797.883443832
1523957798.209522724,2.512129
PrevKeyFrame TimeStamp: 1523957798.233355761
