1542888746.065332890,388.240051
PrevKeyFrame TimeStamp: 1542888746.071008205
1542888746.617487907,388.270294
PrevKeyFrame TimeStamp: 1542888746.620974779
1542888747.011121035,388.270294
PrevKeyFrame TimeStamp: 1542888747.021002769
1542888747.575959921,388.330780
PrevKeyFrame TimeStamp: 1542888747.570831776
1542888747.876458883,388.209808
PrevKeyFrame TimeStamp: 1542888747.871088028
1542888748.166377068,388.240051
PrevKeyFrame TimeStamp: 1542888748.170864820
1542888748.468715906,388.270294
PrevKeyFrame TimeStamp: 1542888748.470690966
1542888748.719402075,388.240051
PrevKeyFrame TimeStamp: 1542888748.722113371
1542888749.022064924,388.209808
PrevKeyFrame TimeStamp: 1542888749.020484686
1542888749.323618889,388.361023
PrevKeyFrame TimeStamp: 1542888749.320593596
1542888749.614375114,388.240051
PrevKeyFrame TimeStamp: 1542888749.620835066
1542888749.917607069,388.240051
PrevKeyFrame TimeStamp: 1542888749.920685768
1542888750.375833035,388.240051
PrevKeyFrame TimeStamp: 1542888750.370681286
1542888750.573287964,388.209808
PrevKeyFrame TimeStamp: 1542888750.570377588
1542888750.769540071,388.240051
PrevKeyFrame TimeStamp: 1542888750.770415783
1542888751.018673897,388.240051
PrevKeyFrame TimeStamp: 1542888751.020310402
1542888751.269026995,388.240051
PrevKeyFrame TimeStamp: 1542888751.270469189
1542888751.570775986,388.240051
PrevKeyFrame TimeStamp: 1542888751.570478916
1542888751.821419954,388.240051
PrevKeyFrame TimeStamp: 1542888751.820095778
1542888752.124560118,388.209808
PrevKeyFrame TimeStamp: 1542888752.120149851
1542888752.620829105,388.330780
PrevKeyFrame TimeStamp: 1542888752.620007992
1542888753.018521070,388.240051
PrevKeyFrame TimeStamp: 1542888753.024134874
1542888753.363970995,388.209808
PrevKeyFrame TimeStamp: 1542888753.370012045
1542888753.719798088,388.149323
PrevKeyFrame TimeStamp: 1542888753.719931841
1542888754.074737072,388.179565
PrevKeyFrame TimeStamp: 1542888754.069889307
1542888754.364113092,388.058594
PrevKeyFrame TimeStamp: 1542888754.369835615
1542888754.721101046,388.119080
PrevKeyFrame TimeStamp: 1542888754.719589949
1542888755.074470043,388.119080
PrevKeyFrame TimeStamp: 1542888755.069496155
1542888755.374120951,388.119080
PrevKeyFrame TimeStamp: 1542888755.369812965
1542888756.959055901,388.149323
PrevKeyFrame TimeStamp: 1542888756.969413757
1542888757.963566065,388.088837
PrevKeyFrame TimeStamp: 1542888757.969451189
1542888758.267615080,388.119080
PrevKeyFrame TimeStamp: 1542888758.269053698
1542888758.518953085,388.088837
PrevKeyFrame TimeStamp: 1542888758.519096375
1542888758.813312054,388.149323
PrevKeyFrame TimeStamp: 1542888758.819081068
1542888759.116106987,388.149323
PrevKeyFrame TimeStamp: 1542888759.118942261
1542888759.421443939,388.028351
PrevKeyFrame TimeStamp: 1542888759.418788195
1542888759.670068026,388.058594
PrevKeyFrame TimeStamp: 1542888759.669031382
1542888759.974311113,388.119080
PrevKeyFrame TimeStamp: 1542888759.968779802
1542888760.224584103,388.058594
PrevKeyFrame TimeStamp: 1542888760.220162392
1542888760.724371910,388.179565
PrevKeyFrame TimeStamp: 1542888760.718544006
1542888761.015414000,388.058594
PrevKeyFrame TimeStamp: 1542888761.018858194
1542888761.319798946,387.998108
PrevKeyFrame TimeStamp: 1542888761.318549156
1542888761.821455956,388.088837
PrevKeyFrame TimeStamp: 1542888761.818665981
1542888762.112729073,388.028351
PrevKeyFrame TimeStamp: 1542888762.118482590
1542888762.612287045,387.967865
PrevKeyFrame TimeStamp: 1542888762.618556261
1542888763.165841103,388.058594
PrevKeyFrame TimeStamp: 1542888763.168427467
1542888763.217775106,388.058594
PrevKeyFrame TimeStamp: 1542888763.220067739
1542888763.574209929,387.967865
PrevKeyFrame TimeStamp: 1542888763.568391800
1542888763.914227962,387.937622
PrevKeyFrame TimeStamp: 1542888763.918388128
1542888764.266652107,387.846893
PrevKeyFrame TimeStamp: 1542888764.268420696
1542888764.622389078,387.877136
PrevKeyFrame TimeStamp: 1542888764.618066788
1542888764.966011047,388.028351
PrevKeyFrame TimeStamp: 1542888764.968232393
1542888765.322803020,388.028351
PrevKeyFrame TimeStamp: 1542888765.317751169
1542888765.664612055,387.937622
PrevKeyFrame TimeStamp: 1542888765.667758465
1542888766.023179054,387.937622
PrevKeyFrame TimeStamp: 1542888766.017773867
1542888766.415869951,388.028351
PrevKeyFrame TimeStamp: 1542888766.417763948
1542888766.823281050,387.967865
PrevKeyFrame TimeStamp: 1542888766.818070173
1542888767.165613890,387.907379
PrevKeyFrame TimeStamp: 1542888767.167627573
1542888767.572688103,387.907379
PrevKeyFrame TimeStamp: 1542888767.567713499
1542888767.968774080,387.846893
PrevKeyFrame TimeStamp: 1542888767.967865944
1542888768.417037010,387.967865
PrevKeyFrame TimeStamp: 1542888768.417853594
1542888768.862576962,387.998108
PrevKeyFrame TimeStamp: 1542888768.867559671
1542888769.321048021,387.937622
PrevKeyFrame TimeStamp: 1542888769.317427874
1542888769.767411947,387.937622
PrevKeyFrame TimeStamp: 1542888769.767292500
1542888770.219887018,387.967865
PrevKeyFrame TimeStamp: 1542888770.218157768
1542888770.772830009,387.877136
PrevKeyFrame TimeStamp: 1542888770.767191887
1542888771.273210049,387.937622
PrevKeyFrame TimeStamp: 1542888771.267173290
1542888771.720839024,387.907379
PrevKeyFrame TimeStamp: 1542888771.717337132
1542888772.263891935,387.937622
PrevKeyFrame TimeStamp: 1542888772.266793728
1542888772.714648008,387.877136
PrevKeyFrame TimeStamp: 1542888772.716970921
1542888773.121727943,388.028351
PrevKeyFrame TimeStamp: 1542888773.116640568
1542888773.662161112,387.907379
PrevKeyFrame TimeStamp: 1542888773.666655064
1542888774.111568928,387.907379
PrevKeyFrame TimeStamp: 1542888774.116627693
1542888774.561115980,387.937622
PrevKeyFrame TimeStamp: 1542888774.566333294
1542888775.021414995,387.816650
PrevKeyFrame TimeStamp: 1542888775.016470909
1542888775.468326092,387.877136
PrevKeyFrame TimeStamp: 1542888775.467939377
1542888775.913712025,387.907379
PrevKeyFrame TimeStamp: 1542888775.916233301
1542888776.413445950,387.877136
PrevKeyFrame TimeStamp: 1542888776.416281223
1542888776.964529991,387.725922
PrevKeyFrame TimeStamp: 1542888776.967700958
1542888777.071981907,387.846893
PrevKeyFrame TimeStamp: 1542888777.067811012
1542888777.517026901,387.846893
PrevKeyFrame TimeStamp: 1542888777.515938759
1542888777.911849976,387.756165
PrevKeyFrame TimeStamp: 1542888777.915987968
1542888778.371649981,387.846893
PrevKeyFrame TimeStamp: 1542888778.366085052
1542888778.822088003,387.756165
PrevKeyFrame TimeStamp: 1542888778.815747738
1542888779.272629023,387.846893
PrevKeyFrame TimeStamp: 1542888779.265878677
1542888779.710386038,387.695679
PrevKeyFrame TimeStamp: 1542888779.715471983
1542888780.172032118,387.665436
PrevKeyFrame TimeStamp: 1542888780.165699244
1542888780.609664917,387.756165
PrevKeyFrame TimeStamp: 1542888780.615553379
1542888781.114546061,387.665436
PrevKeyFrame TimeStamp: 1542888781.115727425
1542888781.617793083,387.604980
PrevKeyFrame TimeStamp: 1542888781.615410566
1542888782.116821051,387.665436
PrevKeyFrame TimeStamp: 1542888782.115374327
1542888782.614383936,387.665436
PrevKeyFrame TimeStamp: 1542888782.615055084
1542888783.113042116,387.574738
PrevKeyFrame TimeStamp: 1542888783.115060329
1542888783.621485949,387.544495
PrevKeyFrame TimeStamp: 1542888783.616016150
1542888784.161806107,387.635223
PrevKeyFrame TimeStamp: 1542888784.164670706
1542888784.665116072,387.665436
PrevKeyFrame TimeStamp: 1542888784.664748430
1542888785.110650063,387.544495
PrevKeyFrame TimeStamp: 1542888785.114636421
1542888785.560669899,387.544495
PrevKeyFrame TimeStamp: 1542888785.564393044
1542888786.020175934,387.514252
PrevKeyFrame TimeStamp: 1542888786.014987230
1542888786.470777988,387.544495
PrevKeyFrame TimeStamp: 1542888786.464735746
1542888786.917928934,387.544495
PrevKeyFrame TimeStamp: 1542888786.914937973
1542888787.367392063,387.635223
PrevKeyFrame TimeStamp: 1542888787.364163637
1542888787.811644077,387.544495
PrevKeyFrame TimeStamp: 1542888787.814243317
1542888788.261529922,387.453766
PrevKeyFrame TimeStamp: 1542888788.264288902
1542888788.813831091,387.453766
PrevKeyFrame TimeStamp: 1542888788.814278364
1542888789.314500093,387.453766
PrevKeyFrame TimeStamp: 1542888789.314090967
1542888789.763448000,387.514252
PrevKeyFrame TimeStamp: 1542888789.763870001
1542888790.208637953,387.453766
PrevKeyFrame TimeStamp: 1542888790.213824987
1542888790.667639017,387.363037
PrevKeyFrame TimeStamp: 1542888790.663759708
1542888791.118977070,387.393280
PrevKeyFrame TimeStamp: 1542888791.113555670
1542888791.568660975,387.393280
PrevKeyFrame TimeStamp: 1542888791.563698292
1542888792.016834021,387.453766
PrevKeyFrame TimeStamp: 1542888792.013573408
1542888792.465188980,387.453766
PrevKeyFrame TimeStamp: 1542888792.463620663
1542888792.911912918,387.363037
PrevKeyFrame TimeStamp: 1542888792.913334370
1542888793.358045101,387.453766
PrevKeyFrame TimeStamp: 1542888793.363735437
1542888793.861274958,387.363037
PrevKeyFrame TimeStamp: 1542888793.863219261
1542888794.407229900,387.393280
PrevKeyFrame TimeStamp: 1542888794.413364887
1542888794.964533091,387.423523
PrevKeyFrame TimeStamp: 1542888794.962969780
1542888795.514467955,387.332794
PrevKeyFrame TimeStamp: 1542888795.513985634
1542888796.013313055,387.302551
PrevKeyFrame TimeStamp: 1542888796.012788534
1542888796.513708115,387.423523
PrevKeyFrame TimeStamp: 1542888796.512695312
1542888797.015719891,387.393280
PrevKeyFrame TimeStamp: 1542888797.014272213
1542888797.557133913,387.363037
PrevKeyFrame TimeStamp: 1542888797.562615395
1542888798.058558941,387.453766
PrevKeyFrame TimeStamp: 1542888798.062753201
1542888798.559626102,387.453766
PrevKeyFrame TimeStamp: 1542888798.562379122
1542888799.065325975,387.363037
PrevKeyFrame TimeStamp: 1542888799.062802553
1542888799.556046963,387.453766
PrevKeyFrame TimeStamp: 1542888799.562367201
1542888800.058948040,387.393280
PrevKeyFrame TimeStamp: 1542888800.062139273
1542888800.566359997,387.363037
PrevKeyFrame TimeStamp: 1542888800.562428236
1542888801.067364931,387.423523
PrevKeyFrame TimeStamp: 1542888801.062032223
1542888801.559160948,387.393280
PrevKeyFrame TimeStamp: 1542888801.562452793
1542888802.061494112,387.363037
PrevKeyFrame TimeStamp: 1542888802.061956882
1542888802.561852932,387.484009
PrevKeyFrame TimeStamp: 1542888802.561875105
1542888803.012634993,387.363037
PrevKeyFrame TimeStamp: 1542888803.011933804
1542888803.464027882,387.393280
PrevKeyFrame TimeStamp: 1542888803.461661577
1542888803.911360025,387.363037
PrevKeyFrame TimeStamp: 1542888803.911784887
1542888804.412659883,387.453766
PrevKeyFrame TimeStamp: 1542888804.411481857
1542888804.967874050,387.363037
PrevKeyFrame TimeStamp: 1542888804.961513281
1542888805.458170891,387.363037
PrevKeyFrame TimeStamp: 1542888805.461314201
1542888805.962312937,387.332794
PrevKeyFrame TimeStamp: 1542888805.962065458
1542888806.461888075,387.363037
PrevKeyFrame TimeStamp: 1542888806.463149786
1542888806.910602093,387.423523
PrevKeyFrame TimeStamp: 1542888806.911477327
1542888807.358966112,387.363037
PrevKeyFrame TimeStamp: 1542888807.361184359
1542888807.809416056,387.332794
PrevKeyFrame TimeStamp: 1542888807.811532021
1542888808.309647083,387.272308
PrevKeyFrame TimeStamp: 1542888808.311491251
1542888808.758970976,387.272308
PrevKeyFrame TimeStamp: 1542888808.760989189
1542888809.206931114,387.332794
PrevKeyFrame TimeStamp: 1542888809.210819006
1542888809.713048935,387.332794
PrevKeyFrame TimeStamp: 1542888809.710616112
1542888810.217442036,387.363037
PrevKeyFrame TimeStamp: 1542888810.211192131
1542888810.715903997,387.272308
PrevKeyFrame TimeStamp: 1542888810.711489916
1542888811.209465027,387.272308
PrevKeyFrame TimeStamp: 1542888811.210696459
1542888811.710515022,387.211823
PrevKeyFrame TimeStamp: 1542888811.711926937
1542888812.210799932,387.393280
PrevKeyFrame TimeStamp: 1542888812.210190535
1542888812.714931011,387.272308
PrevKeyFrame TimeStamp: 1542888812.710106134
1542888813.211250067,387.242065
PrevKeyFrame TimeStamp: 1542888813.209941864
1542888813.665065050,387.181580
PrevKeyFrame TimeStamp: 1542888813.660098553
1542888814.064454079,387.272308
PrevKeyFrame TimeStamp: 1542888814.060147047
1542888814.554752111,387.211823
PrevKeyFrame TimeStamp: 1542888814.559698343
1542888814.856865883,387.211823
PrevKeyFrame TimeStamp: 1542888814.859952927
1542888815.355576992,387.151337
PrevKeyFrame TimeStamp: 1542888815.359603882
1542888815.814476013,387.272308
PrevKeyFrame TimeStamp: 1542888815.809969187
1542888816.165476084,387.151337
PrevKeyFrame TimeStamp: 1542888816.159504175
1542888816.463193893,387.151337
PrevKeyFrame TimeStamp: 1542888816.460685015
1542888816.709619999,387.151337
PrevKeyFrame TimeStamp: 1542888816.709356785
1542888816.956307888,387.242065
PrevKeyFrame TimeStamp: 1542888816.959296465
1542888817.113322020,387.151337
PrevKeyFrame TimeStamp: 1542888817.109579563
1542888817.256830931,387.090851
PrevKeyFrame TimeStamp: 1542888817.260340214
1542888817.360371113,387.060608
PrevKeyFrame TimeStamp: 1542888817.359150171
1542888817.463511944,387.121094
PrevKeyFrame TimeStamp: 1542888817.459321976
1542888817.555392027,387.151337
PrevKeyFrame TimeStamp: 1542888817.559458971
1542888817.658714056,387.121094
PrevKeyFrame TimeStamp: 1542888817.659757376
1542888817.763921022,387.121094
PrevKeyFrame TimeStamp: 1542888817.759122133
1542888817.856144905,387.060608
PrevKeyFrame TimeStamp: 1542888817.859309912
1542888817.961292028,387.151337
PrevKeyFrame TimeStamp: 1542888817.959187984
1542888818.053396940,387.211823
PrevKeyFrame TimeStamp: 1542888818.059085131
1542888818.158895016,387.151337
PrevKeyFrame TimeStamp: 1542888818.159452200
1542888818.211540937,387.151337
PrevKeyFrame TimeStamp: 1542888818.209412336
1542888818.304807901,387.181580
PrevKeyFrame TimeStamp: 1542888818.309382915
1542888818.415731907,387.151337
PrevKeyFrame TimeStamp: 1542888818.410194397
1542888818.508060932,387.181580
PrevKeyFrame TimeStamp: 1542888818.509613514
1542888818.613882065,387.090851
PrevKeyFrame TimeStamp: 1542888818.609092474
1542888818.654109955,387.151337
PrevKeyFrame TimeStamp: 1542888818.659234047
1542888818.759977102,387.151337
PrevKeyFrame TimeStamp: 1542888818.759477854
1542888818.852777004,387.121094
PrevKeyFrame TimeStamp: 1542888818.859077454
1542888818.960901022,387.060608
PrevKeyFrame TimeStamp: 1542888818.959675550
1542888819.053858995,387.151337
PrevKeyFrame TimeStamp: 1542888819.059264421
1542888819.215116978,387.121094
PrevKeyFrame TimeStamp: 1542888819.209410667
1542888819.414819956,387.030365
PrevKeyFrame TimeStamp: 1542888819.409585238
1542888819.507761002,387.060608
PrevKeyFrame TimeStamp: 1542888819.509465218
1542888819.614180088,387.151337
PrevKeyFrame TimeStamp: 1542888819.609439611
1542888819.707496881,387.151337
PrevKeyFrame TimeStamp: 1542888819.709146023
1542888819.802782059,387.090851
PrevKeyFrame TimeStamp: 1542888819.808979511
1542888819.855766058,387.060608
PrevKeyFrame TimeStamp: 1542888819.858982563
1542888819.963781118,387.060608
PrevKeyFrame TimeStamp: 1542888819.959031582
1542888820.058635950,386.939636
PrevKeyFrame TimeStamp: 1542888820.059129000
1542888820.165348053,387.060608
PrevKeyFrame TimeStamp: 1542888820.158803463
1542888820.312124968,387.030365
PrevKeyFrame TimeStamp: 1542888820.308932781
1542888820.404794931,386.969879
PrevKeyFrame TimeStamp: 1542888820.408890009
1542888820.513205051,387.060608
PrevKeyFrame TimeStamp: 1542888820.509099007
1542888820.606949091,386.909393
PrevKeyFrame TimeStamp: 1542888820.609269381
1542888820.713978052,387.151337
PrevKeyFrame TimeStamp: 1542888820.708906412
1542888820.806339025,386.969879
PrevKeyFrame TimeStamp: 1542888820.809051514
1542888820.912738085,386.969879
PrevKeyFrame TimeStamp: 1542888820.908712149
1542888821.006104946,387.060608
PrevKeyFrame TimeStamp: 1542888821.009238243
1542888821.111952066,387.060608
PrevKeyFrame TimeStamp: 1542888821.109111309
1542888821.204797983,387.060608
PrevKeyFrame TimeStamp: 1542888821.208800554
1542888821.314372063,387.090851
PrevKeyFrame TimeStamp: 1542888821.309064627
1542888821.407146931,387.030365
PrevKeyFrame TimeStamp: 1542888821.408739567
1542888821.513386011,386.939636
PrevKeyFrame TimeStamp: 1542888821.508828402
1542888821.606483936,387.030365
PrevKeyFrame TimeStamp: 1542888821.608768702
1542888821.713377953,387.121094
PrevKeyFrame TimeStamp: 1542888821.708863735
1542888821.807111025,386.969879
PrevKeyFrame TimeStamp: 1542888821.808727741
1542888821.903872013,387.030365
PrevKeyFrame TimeStamp: 1542888821.908417702
1542888821.958853006,387.060608
PrevKeyFrame TimeStamp: 1542888821.959047318
1542888822.064615011,386.969879
PrevKeyFrame TimeStamp: 1542888822.058621407
1542888822.157916069,387.000122
PrevKeyFrame TimeStamp: 1542888822.158748388
1542888822.305557013,387.030365
PrevKeyFrame TimeStamp: 1542888822.308882236
1542888822.411870003,387.000122
PrevKeyFrame TimeStamp: 1542888822.408877611
1542888822.503418922,386.969879
PrevKeyFrame TimeStamp: 1542888822.508751869
1542888822.611285925,386.969879
PrevKeyFrame TimeStamp: 1542888822.609853029
1542888822.703598976,387.000122
PrevKeyFrame TimeStamp: 1542888822.708430767
1542888822.863581896,386.939636
PrevKeyFrame TimeStamp: 1542888822.858407497
1542888822.956293106,386.818665
PrevKeyFrame TimeStamp: 1542888822.958963633
1542888823.061312914,387.000122
PrevKeyFrame TimeStamp: 1542888823.058609724
1542888823.152292967,387.000122
PrevKeyFrame TimeStamp: 1542888823.158531904
1542888823.257741928,386.939636
PrevKeyFrame TimeStamp: 1542888823.258396387
1542888823.353084087,386.818665
PrevKeyFrame TimeStamp: 1542888823.358356714
1542888823.459645033,386.969879
PrevKeyFrame TimeStamp: 1542888823.458761215
1542888823.553385973,386.879150
PrevKeyFrame TimeStamp: 1542888823.558504105
1542888823.712347031,386.909393
PrevKeyFrame TimeStamp: 1542888823.708329916
1542888823.804263115,387.000122
PrevKeyFrame TimeStamp: 1542888823.808094025
1542888823.913445950,386.939636
PrevKeyFrame TimeStamp: 1542888823.909094334
1542888824.011037111,386.969879
PrevKeyFrame TimeStamp: 1542888824.008852959
1542888824.107045889,386.909393
PrevKeyFrame TimeStamp: 1542888824.109275103
1542888824.219417095,387.000122
PrevKeyFrame TimeStamp: 1542888824.212511063
1542888824.361541986,386.879150
PrevKeyFrame TimeStamp: 1542888824.361040354
1542888824.458750963,386.818665
PrevKeyFrame TimeStamp: 1542888824.459043503
1542888824.555315018,386.969879
PrevKeyFrame TimeStamp: 1542888824.560280561
1542888824.652682066,386.818665
PrevKeyFrame TimeStamp: 1542888824.659204006
1542888824.764513969,386.818665
PrevKeyFrame TimeStamp: 1542888824.759537697
1542888824.864099026,386.879150
PrevKeyFrame TimeStamp: 1542888824.859106064
1542888824.962272882,386.818665
PrevKeyFrame TimeStamp: 1542888824.958842278
1542888825.104156017,386.879150
PrevKeyFrame TimeStamp: 1542888825.109921694
1542888825.204494953,386.909393
PrevKeyFrame TimeStamp: 1542888825.209342718
1542888825.314410925,386.909393
PrevKeyFrame TimeStamp: 1542888825.309563160
1542888825.467797995,386.818665
PrevKeyFrame TimeStamp: 1542888825.461430550
1542888825.555532932,386.818665
PrevKeyFrame TimeStamp: 1542888825.560146332
1542888825.655687094,386.818665
PrevKeyFrame TimeStamp: 1542888825.659271002
1542888825.757064104,386.818665
PrevKeyFrame TimeStamp: 1542888825.760229826
1542888825.857439041,386.788422
PrevKeyFrame TimeStamp: 1542888825.860425234
1542888825.956896067,386.818665
PrevKeyFrame TimeStamp: 1542888825.960768461
1542888826.066298962,386.788422
PrevKeyFrame TimeStamp: 1542888826.059793711
1542888826.262058020,386.788422
PrevKeyFrame TimeStamp: 1542888826.260141611
1542888826.456165075,386.818665
PrevKeyFrame TimeStamp: 1542888826.458745241
1542888826.557209969,386.697693
PrevKeyFrame TimeStamp: 1542888826.559324026
1542888826.654656887,386.727936
PrevKeyFrame TimeStamp: 1542888826.659710407
1542888826.764544964,386.818665
PrevKeyFrame TimeStamp: 1542888826.759851694
1542888826.863116980,386.788422
PrevKeyFrame TimeStamp: 1542888826.858636618
1542888826.958982944,386.758179
PrevKeyFrame TimeStamp: 1542888826.959599972
1542888827.055311918,386.697693
PrevKeyFrame TimeStamp: 1542888827.059510708
1542888827.154182911,386.788422
PrevKeyFrame TimeStamp: 1542888827.159608364
1542888827.252376080,386.788422
PrevKeyFrame TimeStamp: 1542888827.259056807
1542888827.366672993,386.818665
PrevKeyFrame TimeStamp: 1542888827.360119104
1542888827.464621067,386.727936
PrevKeyFrame TimeStamp: 1542888827.460318089
1542888827.562448978,386.727936
PrevKeyFrame TimeStamp: 1542888827.558864832
1542888827.659457922,386.727936
PrevKeyFrame TimeStamp: 1542888827.659068346
1542888827.758887053,386.758179
PrevKeyFrame TimeStamp: 1542888827.758611441
1542888827.857907057,386.697693
PrevKeyFrame TimeStamp: 1542888827.859183311
1542888827.956383944,386.697693
PrevKeyFrame TimeStamp: 1542888827.958372593
1542888828.054116011,386.667450
PrevKeyFrame TimeStamp: 1542888828.058535337
1542888828.152405024,386.818665
PrevKeyFrame TimeStamp: 1542888828.158682346
1542888828.252943039,386.727936
PrevKeyFrame TimeStamp: 1542888828.259654045
1542888828.353945971,386.727936
PrevKeyFrame TimeStamp: 1542888828.359612703
1542888828.465114117,386.637207
PrevKeyFrame TimeStamp: 1542888828.460100651
1542888828.563862085,386.606964
PrevKeyFrame TimeStamp: 1542888828.558407307
1542888828.661438942,386.758179
PrevKeyFrame TimeStamp: 1542888828.658758879
1542888828.759411097,386.667450
PrevKeyFrame TimeStamp: 1542888828.758816719
1542888828.856010914,386.667450
PrevKeyFrame TimeStamp: 1542888828.859447479
1542888828.953502893,386.667450
PrevKeyFrame TimeStamp: 1542888828.959292412
1542888829.065673113,386.697693
PrevKeyFrame TimeStamp: 1542888829.058433056
1542888829.164191961,386.667450
PrevKeyFrame TimeStamp: 1542888829.158198595
1542888829.265130997,386.758179
PrevKeyFrame TimeStamp: 1542888829.258111954
1542888829.362341881,386.667450
PrevKeyFrame TimeStamp: 1542888829.358170033
1542888829.460091114,386.637207
PrevKeyFrame TimeStamp: 1542888829.458206415
1542888829.556675911,386.727936
PrevKeyFrame TimeStamp: 1542888829.559936047
1542888829.657685041,386.727936
PrevKeyFrame TimeStamp: 1542888829.659199238
1542888829.755511999,386.576721
PrevKeyFrame TimeStamp: 1542888829.759277821
1542888829.854109049,386.576721
PrevKeyFrame TimeStamp: 1542888829.859291553
1542888829.964688063,386.697693
PrevKeyFrame TimeStamp: 1542888829.958338499
1542888830.061775923,386.697693
PrevKeyFrame TimeStamp: 1542888830.058087826
1542888830.159296036,386.727936
PrevKeyFrame TimeStamp: 1542888830.158195019
1542888830.257608891,386.667450
PrevKeyFrame TimeStamp: 1542888830.259343863
1542888830.355859041,386.667450
PrevKeyFrame TimeStamp: 1542888830.358188391
1542888830.508697987,386.727936
PrevKeyFrame TimeStamp: 1542888830.508035183
1542888830.606528997,386.667450
PrevKeyFrame TimeStamp: 1542888830.608237505
1542888830.703845024,386.667450
PrevKeyFrame TimeStamp: 1542888830.708243132
1542888830.805277109,386.637207
PrevKeyFrame TimeStamp: 1542888830.809957743
1542888830.906734943,386.667450
PrevKeyFrame TimeStamp: 1542888830.908700705
1542888831.002530098,386.667450
PrevKeyFrame TimeStamp: 1542888831.007992983
1542888831.114888906,386.637207
PrevKeyFrame TimeStamp: 1542888831.108999968
1542888831.210048914,386.546478
PrevKeyFrame TimeStamp: 1542888831.207939148
1542888831.309704065,386.697693
PrevKeyFrame TimeStamp: 1542888831.307983398
1542888831.406294107,386.727936
PrevKeyFrame TimeStamp: 1542888831.409662485
1542888831.516920090,386.606964
PrevKeyFrame TimeStamp: 1542888831.510259151
1542888831.614618063,386.637207
PrevKeyFrame TimeStamp: 1542888831.608928442
1542888831.755634069,386.606964
PrevKeyFrame TimeStamp: 1542888831.757864237
1542888831.866583109,386.637207
PrevKeyFrame TimeStamp: 1542888831.859487534
1542888832.004179001,386.697693
PrevKeyFrame TimeStamp: 1542888832.008964539
1542888832.103995085,386.637207
PrevKeyFrame TimeStamp: 1542888832.108969450
1542888832.204688072,386.637207
PrevKeyFrame TimeStamp: 1542888832.207770109
1542888832.307805061,386.637207
PrevKeyFrame TimeStamp: 1542888832.308151722
1542888832.408360958,386.546478
PrevKeyFrame TimeStamp: 1542888832.407845259
1542888832.507287025,386.697693
PrevKeyFrame TimeStamp: 1542888832.509035349
1542888832.606643915,386.576721
PrevKeyFrame TimeStamp: 1542888832.607935429
1542888832.705765009,386.667450
PrevKeyFrame TimeStamp: 1542888832.709762573
1542888832.803167105,386.606964
PrevKeyFrame TimeStamp: 1542888832.807917833
1542888832.915736914,386.637207
PrevKeyFrame TimeStamp: 1542888832.909606457
1542888833.056597948,386.667450
PrevKeyFrame TimeStamp: 1542888833.057742119
1542888833.156773090,386.516235
PrevKeyFrame TimeStamp: 1542888833.162542582
1542888833.254535913,386.546478
PrevKeyFrame TimeStamp: 1542888833.259159565
1542888833.352911949,386.546478
PrevKeyFrame TimeStamp: 1542888833.358538389
1542888833.453846931,386.606964
PrevKeyFrame TimeStamp: 1542888833.458590746
1542888833.608479023,386.576721
PrevKeyFrame TimeStamp: 1542888833.608969450
1542888833.704797983,386.455750
PrevKeyFrame TimeStamp: 1542888833.709329128
1542888833.862190008,386.606964
PrevKeyFrame TimeStamp: 1542888833.857824326
1542888834.013845921,386.516235
PrevKeyFrame TimeStamp: 1542888834.008669615
1542888834.109875917,386.637207
PrevKeyFrame TimeStamp: 1542888834.108659267
1542888834.208597898,386.516235
PrevKeyFrame TimeStamp: 1542888834.209033966
1542888834.360697985,386.546478
PrevKeyFrame TimeStamp: 1542888834.358822107
1542888834.506200075,386.637207
PrevKeyFrame TimeStamp: 1542888834.509155512
1542888834.657860041,386.546478
PrevKeyFrame TimeStamp: 1542888834.657675266
1542888834.811228037,386.516235
PrevKeyFrame TimeStamp: 1542888834.810342312
1542888834.952085018,386.516235
PrevKeyFrame TimeStamp: 1542888834.957459450
1542888835.110723019,386.425507
PrevKeyFrame TimeStamp: 1542888835.108206987
1542888835.265098095,386.546478
PrevKeyFrame TimeStamp: 1542888835.258052588
1542888835.404795885,386.455750
PrevKeyFrame TimeStamp: 1542888835.408559561
1542888835.559565067,386.516235
PrevKeyFrame TimeStamp: 1542888835.558204412
1542888835.656306982,386.485992
PrevKeyFrame TimeStamp: 1542888835.660153627
1542888835.808573961,386.546478
PrevKeyFrame TimeStamp: 1542888835.807964563
1542888835.963457108,386.425507
PrevKeyFrame TimeStamp: 1542888835.959901810
1542888836.106348038,386.546478
PrevKeyFrame TimeStamp: 1542888836.107719660
1542888836.251645088,386.576721
PrevKeyFrame TimeStamp: 1542888836.256120682
1542888836.451881886,386.455750
PrevKeyFrame TimeStamp: 1542888836.457936287
1542888836.751322031,386.365021
PrevKeyFrame TimeStamp: 1542888836.757153988
1542888836.955668926,386.425507
PrevKeyFrame TimeStamp: 1542888836.956559658
1542888837.150938034,386.425507
PrevKeyFrame TimeStamp: 1542888837.157192469
1542888837.352663994,386.485992
PrevKeyFrame TimeStamp: 1542888837.356313705
1542888837.505909920,386.546478
PrevKeyFrame TimeStamp: 1542888837.506114006
1542888837.807723045,386.455750
PrevKeyFrame TimeStamp: 1542888837.806508541
1542888838.005530119,386.546478
PrevKeyFrame TimeStamp: 1542888838.005783796
1542888838.205228090,386.455750
PrevKeyFrame TimeStamp: 1542888838.206016302
1542888838.406748056,386.546478
PrevKeyFrame TimeStamp: 1542888838.405836344
1542888838.607897997,386.546478
PrevKeyFrame TimeStamp: 1542888838.605627298
1542888838.805293083,386.546478
PrevKeyFrame TimeStamp: 1542888838.805719137
1542888839.005470991,386.546478
PrevKeyFrame TimeStamp: 1542888839.006050348
1542888839.203697920,386.637207
PrevKeyFrame TimeStamp: 1542888839.206128359
1542888839.402630091,386.667450
PrevKeyFrame TimeStamp: 1542888839.405919075
1542888839.599939108,386.637207
PrevKeyFrame TimeStamp: 1542888839.606122732
1542888839.799823999,386.697693
PrevKeyFrame TimeStamp: 1542888839.805723190
1542888840.009919882,386.697693
PrevKeyFrame TimeStamp: 1542888840.005766869
1542888840.208956957,386.697693
PrevKeyFrame TimeStamp: 1542888840.206406832
1542888840.408106089,386.818665
PrevKeyFrame TimeStamp: 1542888840.405408144
1542888840.607194901,386.909393
PrevKeyFrame TimeStamp: 1542888840.605523348
1542888840.807137012,386.879150
PrevKeyFrame TimeStamp: 1542888840.807055235
1542888841.003213882,386.909393
PrevKeyFrame TimeStamp: 1542888841.005493164
1542888841.203737020,386.969879
PrevKeyFrame TimeStamp: 1542888841.206709385
1542888841.403913975,386.939636
PrevKeyFrame TimeStamp: 1542888841.405656815
1542888841.605506897,387.030365
PrevKeyFrame TimeStamp: 1542888841.606245279
1542888841.804773092,386.969879
PrevKeyFrame TimeStamp: 1542888841.807135582
1542888842.004914045,387.030365
PrevKeyFrame TimeStamp: 1542888842.005695105
1542888842.207088947,387.090851
PrevKeyFrame TimeStamp: 1542888842.206943035
1542888842.406061888,387.151337
PrevKeyFrame TimeStamp: 1542888842.405142784
1542888842.606714010,387.181580
PrevKeyFrame TimeStamp: 1542888842.605314970
1542888842.809726000,387.151337
PrevKeyFrame TimeStamp: 1542888842.805052280
1542888843.002846956,387.242065
PrevKeyFrame TimeStamp: 1542888843.005011082
1542888843.214124918,387.151337
PrevKeyFrame TimeStamp: 1542888843.207612038
1542888843.401262999,387.363037
PrevKeyFrame TimeStamp: 1542888843.405009747
1542888843.651324034,387.272308
PrevKeyFrame TimeStamp: 1542888843.655695200
1542888843.849740982,387.242065
PrevKeyFrame TimeStamp: 1542888843.854989767
1542888844.106177092,387.332794
PrevKeyFrame TimeStamp: 1542888844.105503321
1542888844.359193087,387.302551
PrevKeyFrame TimeStamp: 1542888844.354705811
1542888844.609774113,387.332794
PrevKeyFrame TimeStamp: 1542888844.605177402
1542888844.848478079,387.332794
PrevKeyFrame TimeStamp: 1542888844.854777336
1542888845.102406025,387.272308
PrevKeyFrame TimeStamp: 1542888845.105023861
1542888845.355089903,387.363037
PrevKeyFrame TimeStamp: 1542888845.354768991
1542888845.648757935,387.332794
PrevKeyFrame TimeStamp: 1542888845.654824734
1542888845.951869965,387.272308
PrevKeyFrame TimeStamp: 1542888845.955037832
1542888846.301734924,387.363037
PrevKeyFrame TimeStamp: 1542888846.305391073
1542888846.651963949,387.363037
PrevKeyFrame TimeStamp: 1542888846.654909134
1542888847.006753922,387.363037
PrevKeyFrame TimeStamp: 1542888847.005018711
1542888847.457649946,387.211823
PrevKeyFrame TimeStamp: 1542888847.455358028
1542888847.897835970,387.272308
PrevKeyFrame TimeStamp: 1542888847.904411554
1542888848.247550964,387.302551
PrevKeyFrame TimeStamp: 1542888848.254250765
1542888848.600236893,387.302551
PrevKeyFrame TimeStamp: 1542888848.604335785
1542888848.961270094,387.181580
PrevKeyFrame TimeStamp: 1542888848.955535889
1542888849.309592009,387.242065
PrevKeyFrame TimeStamp: 1542888849.303989410
1542888849.657221079,387.242065
PrevKeyFrame TimeStamp: 1542888849.654769182
1542888850.046201944,387.272308
PrevKeyFrame TimeStamp: 1542888850.054113626
1542888850.448076010,387.272308
PrevKeyFrame TimeStamp: 1542888850.454028606
1542888850.847476959,387.151337
PrevKeyFrame TimeStamp: 1542888850.853794575
1542888851.208925009,387.121094
PrevKeyFrame TimeStamp: 1542888851.204174519
1542888851.608406067,387.060608
PrevKeyFrame TimeStamp: 1542888851.603960276
1542888852.005857944,387.151337
PrevKeyFrame TimeStamp: 1542888852.003819704
1542888852.354552984,387.060608
PrevKeyFrame TimeStamp: 1542888852.353908539
1542888852.702588081,387.121094
PrevKeyFrame TimeStamp: 1542888852.703475714
1542888853.053081989,387.090851
PrevKeyFrame TimeStamp: 1542888853.053394079
1542888853.405642986,387.060608
PrevKeyFrame TimeStamp: 1542888853.403591156
1542888853.701083899,387.151337
PrevKeyFrame TimeStamp: 1542888853.703942299
1542888854.001148939,387.060608
PrevKeyFrame TimeStamp: 1542888854.003775835
1542888854.299510956,387.000122
PrevKeyFrame TimeStamp: 1542888854.304067612
1542888854.648195028,387.060608
PrevKeyFrame TimeStamp: 1542888854.653131008
1542888854.958237886,387.060608
PrevKeyFrame TimeStamp: 1542888854.954095125
1542888855.252433062,387.000122
PrevKeyFrame TimeStamp: 1542888855.253225088
1542888855.552190065,386.939636
PrevKeyFrame TimeStamp: 1542888855.553812027
1542888855.850161076,386.879150
PrevKeyFrame TimeStamp: 1542888855.853138685
1542888856.054369926,386.818665
PrevKeyFrame TimeStamp: 1542888856.053035259
1542888856.256139040,387.030365
PrevKeyFrame TimeStamp: 1542888856.255271912
1542888856.455463886,386.818665
PrevKeyFrame TimeStamp: 1542888856.454927921
1542888856.653354883,386.788422
PrevKeyFrame TimeStamp: 1542888856.652824163
1542888856.853249073,386.879150
PrevKeyFrame TimeStamp: 1542888856.853131294
1542888857.052840948,386.818665
PrevKeyFrame TimeStamp: 1542888857.053054333
1542888857.252682924,386.818665
PrevKeyFrame TimeStamp: 1542888857.255729198
1542888857.457834959,386.818665
PrevKeyFrame TimeStamp: 1542888857.454256773
1542888857.659574032,386.909393
PrevKeyFrame TimeStamp: 1542888857.653222799
1542888857.852061033,386.727936
PrevKeyFrame TimeStamp: 1542888857.853716850
1542888858.051367044,386.758179
PrevKeyFrame TimeStamp: 1542888858.053966284
1542888858.198920965,386.727936
PrevKeyFrame TimeStamp: 1542888858.203244686
1542888858.506802082,386.788422
PrevKeyFrame TimeStamp: 1542888858.502843857
1542888858.705363989,386.697693
PrevKeyFrame TimeStamp: 1542888858.703435183
1542888858.960043907,386.788422
PrevKeyFrame TimeStamp: 1542888858.953642368
1542888859.106456995,386.818665
PrevKeyFrame TimeStamp: 1542888859.102669239
1542888859.357522011,386.758179
PrevKeyFrame TimeStamp: 1542888859.352538347
1542888859.557111025,386.758179
PrevKeyFrame TimeStamp: 1542888859.552535295
1542888859.650716066,386.667450
PrevKeyFrame TimeStamp: 1542888859.652799368
1542888859.905791044,386.606964
PrevKeyFrame TimeStamp: 1542888859.902824163
1542888859.997495890,386.697693
PrevKeyFrame TimeStamp: 1542888860.002239704
1542888860.196552992,386.637207
PrevKeyFrame TimeStamp: 1542888860.202196121
1542888860.397212982,386.697693
PrevKeyFrame TimeStamp: 1542888860.402260780
1542888860.546880007,386.637207
PrevKeyFrame TimeStamp: 1542888860.552371740
1542888860.653086901,386.637207
PrevKeyFrame TimeStamp: 1542888860.652022123
1542888860.746790886,386.637207
PrevKeyFrame TimeStamp: 1542888860.752387524
1542888860.959777117,386.667450
PrevKeyFrame TimeStamp: 1542888860.954162121
1542888861.200074911,386.697693
PrevKeyFrame TimeStamp: 1542888861.202902079
1542888861.306658983,386.546478
PrevKeyFrame TimeStamp: 1542888861.302794933
1542888861.452712059,386.667450
PrevKeyFrame TimeStamp: 1542888861.454764843
1542888861.599323034,386.637207
PrevKeyFrame TimeStamp: 1542888861.602250099
1542888861.745785952,386.546478
PrevKeyFrame TimeStamp: 1542888861.751928806
1542888861.851984978,386.727936
PrevKeyFrame TimeStamp: 1542888861.852624416
1542888861.959083080,386.485992
PrevKeyFrame TimeStamp: 1542888861.953734159
1542888862.147289991,386.667450
PrevKeyFrame TimeStamp: 1542888862.152131319
1542888862.351063967,386.516235
PrevKeyFrame TimeStamp: 1542888862.352269411
1542888862.508369923,386.606964
PrevKeyFrame TimeStamp: 1542888862.502019167
1542888862.655424118,386.606964
PrevKeyFrame TimeStamp: 1542888862.652176380
1542888862.800461054,386.516235
PrevKeyFrame TimeStamp: 1542888862.802672386
1542888862.952522993,386.606964
PrevKeyFrame TimeStamp: 1542888862.952754021
1542888864.293299913,386.606964
PrevKeyFrame TimeStamp: 1542888864.301674366
1542888864.898041964,386.546478
PrevKeyFrame TimeStamp: 1542888864.903446198
1542888865.199873924,386.546478
PrevKeyFrame TimeStamp: 1542888865.203238249
1542888865.450726032,386.576721
PrevKeyFrame TimeStamp: 1542888865.454222441
1542888865.755136967,386.667450
PrevKeyFrame TimeStamp: 1542888865.751175642
1542888866.004857063,386.606964
PrevKeyFrame TimeStamp: 1542888866.001595497
1542888866.301628113,386.697693
PrevKeyFrame TimeStamp: 1542888866.301834822
1542888866.595839977,386.667450
PrevKeyFrame TimeStamp: 1542888866.600996256
1542888866.847054958,386.576721
PrevKeyFrame TimeStamp: 1542888866.851256371
1542888867.149296999,386.697693
PrevKeyFrame TimeStamp: 1542888867.151330948
1542888868.851238012,386.697693
PrevKeyFrame TimeStamp: 1542888868.851437330
1542888869.548990965,386.697693
PrevKeyFrame TimeStamp: 1542888869.551165104
1542888869.803673029,386.758179
PrevKeyFrame TimeStamp: 1542888869.802898407
1542888870.100223064,386.697693
PrevKeyFrame TimeStamp: 1542888870.100776672
1542888870.356498003,386.697693
PrevKeyFrame TimeStamp: 1542888870.351222754
1542888870.650768995,386.727936
PrevKeyFrame TimeStamp: 1542888870.651508093
1542888870.949687958,386.727936
PrevKeyFrame TimeStamp: 1542888870.950661659
1542888871.205368996,386.667450
PrevKeyFrame TimeStamp: 1542888871.200961828
1542888871.450720072,386.727936
PrevKeyFrame TimeStamp: 1542888871.451518059
1542888871.744796991,386.727936
PrevKeyFrame TimeStamp: 1542888871.750391960
1542888873.449215889,386.879150
PrevKeyFrame TimeStamp: 1542888873.450268507
1542888874.247678041,386.758179
PrevKeyFrame TimeStamp: 1542888874.249882698
1542888874.503110886,386.818665
PrevKeyFrame TimeStamp: 1542888874.499983072
1542888874.744334936,386.909393
PrevKeyFrame TimeStamp: 1542888874.750375986
1542888875.048404932,386.818665
PrevKeyFrame TimeStamp: 1542888875.050152063
1542888875.301620960,386.969879
PrevKeyFrame TimeStamp: 1542888875.300517559
1542888875.600610971,386.909393
PrevKeyFrame TimeStamp: 1542888875.599991798
1542888875.893871069,386.969879
PrevKeyFrame TimeStamp: 1542888875.899612904
1542888876.145884991,386.909393
PrevKeyFrame TimeStamp: 1542888876.150899172
1542888876.450069904,387.000122
PrevKeyFrame TimeStamp: 1542888876.449673176
1542888876.943424940,386.879150
PrevKeyFrame TimeStamp: 1542888876.950606108
1542888877.648586035,386.969879
PrevKeyFrame TimeStamp: 1542888877.650591135
1542888877.947680950,387.060608
PrevKeyFrame TimeStamp: 1542888877.950046062
1542888878.200372934,387.060608
PrevKeyFrame TimeStamp: 1542888878.200630426
1542888878.495122910,387.121094
PrevKeyFrame TimeStamp: 1542888878.499996662
1542888878.804550886,387.121094
PrevKeyFrame TimeStamp: 1542888878.799903631
1542888879.099008083,387.030365
PrevKeyFrame TimeStamp: 1542888879.099063873
1542888879.353044033,387.000122
PrevKeyFrame TimeStamp: 1542888879.349224091
1542888879.606323004,387.060608
PrevKeyFrame TimeStamp: 1542888879.603265285
1542888879.900696993,387.151337
PrevKeyFrame TimeStamp: 1542888879.899031878
1542888880.144207001,387.121094
PrevKeyFrame TimeStamp: 1542888880.149900675
1542888880.499761105,387.211823
PrevKeyFrame TimeStamp: 1542888880.499328375
1542888880.752429962,387.060608
PrevKeyFrame TimeStamp: 1542888880.749538183
1542888880.897656918,387.151337
PrevKeyFrame TimeStamp: 1542888880.900017262
1542888881.243902922,387.060608
PrevKeyFrame TimeStamp: 1542888881.249017715
1542888881.797817945,387.211823
PrevKeyFrame TimeStamp: 1542888881.798949718
1542888882.046711922,387.151337
PrevKeyFrame TimeStamp: 1542888882.052607536
1542888882.351900101,387.121094
PrevKeyFrame TimeStamp: 1542888882.348374844
1542888882.594913006,387.242065
PrevKeyFrame TimeStamp: 1542888882.598627329
1542888882.849781990,387.151337
PrevKeyFrame TimeStamp: 1542888882.848703623
1542888883.145519018,387.151337
PrevKeyFrame TimeStamp: 1542888883.148976803
1542888883.453435898,387.121094
PrevKeyFrame TimeStamp: 1542888883.450825453
1542888883.696110964,387.121094
PrevKeyFrame TimeStamp: 1542888883.701356173
1542888883.992647886,387.151337
PrevKeyFrame TimeStamp: 1542888883.998545408
1542888884.446295977,387.121094
PrevKeyFrame TimeStamp: 1542888884.451031446
1542888884.646437883,387.121094
PrevKeyFrame TimeStamp: 1542888884.648833036
1542888884.845305920,387.151337
PrevKeyFrame TimeStamp: 1542888884.848510504
1542888885.043175936,387.242065
PrevKeyFrame TimeStamp: 1542888885.048367262
1542888885.243065119,387.242065
PrevKeyFrame TimeStamp: 1542888885.248606443
1542888885.503814936,387.272308
PrevKeyFrame TimeStamp: 1542888885.498541832
1542888885.743360996,387.151337
PrevKeyFrame TimeStamp: 1542888885.748296261
1542888885.995702028,387.242065
PrevKeyFrame TimeStamp: 1542888885.998361588
1542888886.248094082,387.151337
PrevKeyFrame TimeStamp: 1542888886.247838020
1542888886.546663046,387.151337
PrevKeyFrame TimeStamp: 1542888886.552845955
1542888886.849741936,387.181580
PrevKeyFrame TimeStamp: 1542888886.848754406
1542888887.200226068,387.211823
PrevKeyFrame TimeStamp: 1542888887.198063374
1542888887.542917013,387.211823
PrevKeyFrame TimeStamp: 1542888887.547703266
1542888887.892810106,387.121094
PrevKeyFrame TimeStamp: 1542888887.897806406
1542888888.253846884,387.151337
PrevKeyFrame TimeStamp: 1542888888.249084949
1542888888.600383043,387.181580
PrevKeyFrame TimeStamp: 1542888888.597647429
1542888889.050688982,387.181580
PrevKeyFrame TimeStamp: 1542888889.048158884
1542888889.442517042,387.181580
PrevKeyFrame TimeStamp: 1542888889.448060274
1542888889.841896057,387.181580
PrevKeyFrame TimeStamp: 1542888889.847823620
1542888890.142075062,387.060608
PrevKeyFrame TimeStamp: 1542888890.148213148
1542888890.447856903,387.151337
PrevKeyFrame TimeStamp: 1542888890.450386763
1542888890.791932106,387.121094
PrevKeyFrame TimeStamp: 1542888890.798354149
1542888891.097209930,387.121094
PrevKeyFrame TimeStamp: 1542888891.097304821
1542888891.390516996,387.151337
PrevKeyFrame TimeStamp: 1542888891.397094965
1542888891.751854897,387.211823
PrevKeyFrame TimeStamp: 1542888891.747385979
1542888892.102202892,387.090851
PrevKeyFrame TimeStamp: 1542888892.097158670
1542888892.439402103,387.121094
PrevKeyFrame TimeStamp: 1542888892.447539091
1542888892.842102051,387.181580
PrevKeyFrame TimeStamp: 1542888892.847278357
1542888893.242439985,387.181580
PrevKeyFrame TimeStamp: 1542888893.247409582
1542888893.602037907,387.181580
PrevKeyFrame TimeStamp: 1542888893.597271204
1542888894.002609015,387.121094
PrevKeyFrame TimeStamp: 1542888893.996735096
1542888894.403148890,387.242065
PrevKeyFrame TimeStamp: 1542888894.396618366
1542888894.791505098,387.151337
PrevKeyFrame TimeStamp: 1542888894.796545267
1542888895.193627119,387.151337
PrevKeyFrame TimeStamp: 1542888895.196720600
1542888895.590780973,387.151337
PrevKeyFrame TimeStamp: 1542888895.596853733
1542888896.001406908,387.151337
PrevKeyFrame TimeStamp: 1542888895.997410059
1542888896.402736902,387.302551
PrevKeyFrame TimeStamp: 1542888896.397222042
1542888896.799120903,387.242065
PrevKeyFrame TimeStamp: 1542888896.796440601
1542888897.201479912,387.272308
PrevKeyFrame TimeStamp: 1542888897.196056366
1542888897.592730045,387.363037
PrevKeyFrame TimeStamp: 1542888897.596296310
1542888897.994431973,387.272308
PrevKeyFrame TimeStamp: 1542888897.996340275
1542888898.391040087,387.242065
PrevKeyFrame TimeStamp: 1542888898.396081686
1542888898.750494003,387.242065
PrevKeyFrame TimeStamp: 1542888898.745774269
1542888899.139741898,387.332794
PrevKeyFrame TimeStamp: 1542888899.145765066
1542888899.541292906,387.272308
PrevKeyFrame TimeStamp: 1542888899.546161652
1542888899.949235916,387.302551
PrevKeyFrame TimeStamp: 1542888899.945709229
1542888900.399770975,387.393280
PrevKeyFrame TimeStamp: 1542888900.396323204
1542888900.839761972,387.363037
PrevKeyFrame TimeStamp: 1542888900.845651388
1542888901.251388073,387.453766
PrevKeyFrame TimeStamp: 1542888901.246126652
1542888901.640248060,387.453766
PrevKeyFrame TimeStamp: 1542888901.645569086
1542888902.043569088,387.453766
PrevKeyFrame TimeStamp: 1542888902.045804977
1542888902.443360090,387.423523
PrevKeyFrame TimeStamp: 1542888902.445578575
1542888902.790904999,387.453766
PrevKeyFrame TimeStamp: 1542888902.795360565
1542888903.201015949,387.484009
PrevKeyFrame TimeStamp: 1542888903.195968628
1542888903.589070082,387.453766
PrevKeyFrame TimeStamp: 1542888903.595300913
1542888903.988408089,387.544495
PrevKeyFrame TimeStamp: 1542888903.994829416
1542888904.401160955,387.574738
PrevKeyFrame TimeStamp: 1542888904.395051956
1542888904.789572001,387.665436
PrevKeyFrame TimeStamp: 1542888904.794897079
1542888905.199369907,387.665436
PrevKeyFrame TimeStamp: 1542888905.195584059
1542888905.589117050,387.574738
PrevKeyFrame TimeStamp: 1542888905.594770193
1542888905.997348070,387.665436
PrevKeyFrame TimeStamp: 1542888905.994706631
1542888906.397387981,387.665436
PrevKeyFrame TimeStamp: 1542888906.395434380
1542888906.798547983,387.665436
PrevKeyFrame TimeStamp: 1542888906.797804356
1542888907.200860977,387.695679
PrevKeyFrame TimeStamp: 1542888907.196289062
1542888907.587939978,387.725922
PrevKeyFrame TimeStamp: 1542888907.594553471
1542888908.000823975,387.846893
PrevKeyFrame TimeStamp: 1542888907.994461060
1542888908.389175892,387.756165
PrevKeyFrame TimeStamp: 1542888908.394437313
1542888908.797712088,387.756165
PrevKeyFrame TimeStamp: 1542888908.794430017
1542888909.198822021,387.846893
PrevKeyFrame TimeStamp: 1542888909.194845915
1542888909.598495007,387.816650
PrevKeyFrame TimeStamp: 1542888909.594329834
1542888909.998858929,387.937622
PrevKeyFrame TimeStamp: 1542888909.996051073
1542888910.387758017,387.907379
PrevKeyFrame TimeStamp: 1542888910.394228220
1542888910.787853003,388.058594
PrevKeyFrame TimeStamp: 1542888910.793904543
1542888911.390794992,388.058594
PrevKeyFrame TimeStamp: 1542888911.394119263
1542888911.846375942,388.119080
PrevKeyFrame TimeStamp: 1542888911.844535351
1542888912.239209890,388.149323
PrevKeyFrame TimeStamp: 1542888912.244010925
1542888912.638397932,388.209808
PrevKeyFrame TimeStamp: 1542888912.643457174
1542888913.038151979,388.179565
PrevKeyFrame TimeStamp: 1542888913.044061422
1542888913.449784040,388.209808
PrevKeyFrame TimeStamp: 1542888913.443554401
1542888913.846807003,388.240051
PrevKeyFrame TimeStamp: 1542888913.843631506
1542888914.249315023,388.240051
PrevKeyFrame TimeStamp: 1542888914.243635654
1542888914.649852991,388.300537
PrevKeyFrame TimeStamp: 1542888914.643427610
1542888915.099559069,388.361023
PrevKeyFrame TimeStamp: 1542888915.093453407
1542888915.498023033,388.451752
PrevKeyFrame TimeStamp: 1542888915.493725300
1542888915.891659021,388.361023
PrevKeyFrame TimeStamp: 1542888915.893289566
1542888916.294601917,388.240051
PrevKeyFrame TimeStamp: 1542888916.293037176
1542888916.694557905,388.391266
PrevKeyFrame TimeStamp: 1542888916.693183422
1542888917.093246937,388.361023
PrevKeyFrame TimeStamp: 1542888917.093129635
1542888917.496953964,388.300537
PrevKeyFrame TimeStamp: 1542888917.493561745
1542888917.891901016,388.451752
PrevKeyFrame TimeStamp: 1542888917.894588947
1542888918.293534994,388.542480
PrevKeyFrame TimeStamp: 1542888918.293443918
1542888918.695348978,388.451752
PrevKeyFrame TimeStamp: 1542888918.692695379
1542888919.086565971,388.361023
PrevKeyFrame TimeStamp: 1542888919.092519045
1542888919.499771118,388.330780
PrevKeyFrame TimeStamp: 1542888919.493329287
1542888919.899997950,388.361023
PrevKeyFrame TimeStamp: 1542888919.894753456
1542888920.442673922,388.451752
PrevKeyFrame TimeStamp: 1542888920.444212675
1542888920.987381935,388.391266
PrevKeyFrame TimeStamp: 1542888920.993141413
1542888921.537470102,388.361023
PrevKeyFrame TimeStamp: 1542888921.542445660
1542888921.843807936,388.451752
PrevKeyFrame TimeStamp: 1542888921.842477560
1542888921.897353888,388.330780
PrevKeyFrame TimeStamp: 1542888921.892355442
1542888921.949966908,388.451752
PrevKeyFrame TimeStamp: 1542888921.943563223
1542888921.988878965,388.451752
PrevKeyFrame TimeStamp: 1542888921.992158175
1542888922.041590929,388.361023
PrevKeyFrame TimeStamp: 1542888922.042380095
1542888922.097635984,388.240051
PrevKeyFrame TimeStamp: 1542888922.092055082
1542888922.136821032,388.391266
PrevKeyFrame TimeStamp: 1542888922.142129898
1542888922.190325975,388.330780
PrevKeyFrame TimeStamp: 1542888922.192086220
1542888922.243583918,388.361023
PrevKeyFrame TimeStamp: 1542888922.241889715
1542888922.296510935,388.300537
PrevKeyFrame TimeStamp: 1542888922.292342663
1542888922.337291956,388.361023
PrevKeyFrame TimeStamp: 1542888922.342275620
1542888922.389957905,388.421509
PrevKeyFrame TimeStamp: 1542888922.392338753
1542888922.444710970,388.451752
PrevKeyFrame TimeStamp: 1542888922.442136049
1542888922.497438908,388.330780
PrevKeyFrame TimeStamp: 1542888922.491957188
1542888922.550105095,388.421509
PrevKeyFrame TimeStamp: 1542888922.543773413
1542888922.590296984,388.330780
PrevKeyFrame TimeStamp: 1542888922.592072964
1542888922.643961906,388.300537
PrevKeyFrame TimeStamp: 1542888922.642080307
1542888922.696638107,388.300537
PrevKeyFrame TimeStamp: 1542888922.691870451
1542888922.735589027,388.361023
PrevKeyFrame TimeStamp: 1542888922.741819620
1542888922.788523912,388.330780
PrevKeyFrame TimeStamp: 1542888922.792252779
1542888922.842243910,388.512238
PrevKeyFrame TimeStamp: 1542888922.842207432
1542888922.896935940,388.421509
PrevKeyFrame TimeStamp: 1542888922.892550945
1542888922.936297894,388.361023
PrevKeyFrame TimeStamp: 1542888922.941847324
1542888922.989057064,388.330780
PrevKeyFrame TimeStamp: 1542888922.992466688
1542888923.042215109,388.270294
PrevKeyFrame TimeStamp: 1542888923.041891336
1542888923.095143080,388.391266
PrevKeyFrame TimeStamp: 1542888923.091767073
1542888923.138920069,388.391266
PrevKeyFrame TimeStamp: 1542888923.141882420
1542888923.191467047,388.300537
PrevKeyFrame TimeStamp: 1542888923.192568779
1542888923.245198011,388.361023
PrevKeyFrame TimeStamp: 1542888923.242060900
1542888923.285692930,388.451752
PrevKeyFrame TimeStamp: 1542888923.292253494
1542888923.341862917,388.361023
PrevKeyFrame TimeStamp: 1542888923.343594790
1542888923.397675037,388.361023
PrevKeyFrame TimeStamp: 1542888923.391990662
1542888926.534614086,388.572723
PrevKeyFrame TimeStamp: 1542888926.541331530
1542888927.189677954,388.633209
PrevKeyFrame TimeStamp: 1542888927.192753077
1542888927.489294052,388.754181
PrevKeyFrame TimeStamp: 1542888927.491388798
1542888927.797489882,388.754181
PrevKeyFrame TimeStamp: 1542888927.790977240
1542888928.035109997,388.754181
PrevKeyFrame TimeStamp: 1542888928.041317463
1542888928.341347933,388.814667
PrevKeyFrame TimeStamp: 1542888928.341073036
1542888928.592149973,388.784424
PrevKeyFrame TimeStamp: 1542888928.591434956
1542888928.889308929,388.905396
PrevKeyFrame TimeStamp: 1542888928.891510725
1542888929.142456055,388.935638
PrevKeyFrame TimeStamp: 1542888929.141658783
1542888929.447772980,388.935638
PrevKeyFrame TimeStamp: 1542888929.444829702
1542888929.888590097,389.056580
PrevKeyFrame TimeStamp: 1542888929.890984297
1542888930.087687016,389.056580
PrevKeyFrame TimeStamp: 1542888930.090881586
1542888936.283642054,389.177551
PrevKeyFrame TimeStamp: 1542888936.289753675
1542888936.543915987,389.268280
PrevKeyFrame TimeStamp: 1542888936.540382147
1542888936.835644960,389.268280
PrevKeyFrame TimeStamp: 1542888936.839698792
1542888939.483639002,389.419495
PrevKeyFrame TimeStamp: 1542888939.489252090
1542888940.387609005,389.419495
PrevKeyFrame TimeStamp: 1542888940.389681816
1542888940.690962076,389.479980
PrevKeyFrame TimeStamp: 1542888940.689344645
1542888940.983756065,389.389252
PrevKeyFrame TimeStamp: 1542888940.989053488
1542888941.288904905,389.479980
PrevKeyFrame TimeStamp: 1542888941.289334059
1542888941.545681953,389.570709
PrevKeyFrame TimeStamp: 1542888941.539825916
1542888941.837529898,389.479980
PrevKeyFrame TimeStamp: 1542888941.838703871
1542888942.093022108,389.479980
PrevKeyFrame TimeStamp: 1542888942.089223146
1542888942.332930088,389.479980
PrevKeyFrame TimeStamp: 1542888942.339460611
1542888942.640784025,389.570709
PrevKeyFrame TimeStamp: 1542888942.638557196
1542888943.044802904,389.631195
PrevKeyFrame TimeStamp: 1542888943.038773775
1542888943.193937063,389.661438
PrevKeyFrame TimeStamp: 1542888943.190381527
1542888943.432461977,389.570709
PrevKeyFrame TimeStamp: 1542888943.438946724
1542888943.689234972,389.631195
PrevKeyFrame TimeStamp: 1542888943.691950560
1542888943.886135101,389.631195
PrevKeyFrame TimeStamp: 1542888943.888428211
1542888944.133001089,389.721924
PrevKeyFrame TimeStamp: 1542888944.138488770
1542888944.385308027,389.691681
PrevKeyFrame TimeStamp: 1542888944.388793945
1542888944.636567116,389.691681
PrevKeyFrame TimeStamp: 1542888944.638569593
1542888944.935698986,389.691681
PrevKeyFrame TimeStamp: 1542888944.938838243
1542888945.241070986,389.661438
PrevKeyFrame TimeStamp: 1542888945.238206863
1542888945.533272028,389.661438
PrevKeyFrame TimeStamp: 1542888945.538573027
1542888945.881524086,389.721924
PrevKeyFrame TimeStamp: 1542888945.888732195
1542888946.244494915,389.752167
PrevKeyFrame TimeStamp: 1542888946.238273859
1542888946.590564013,389.842896
PrevKeyFrame TimeStamp: 1542888946.588564396
1542888946.936835051,389.903381
PrevKeyFrame TimeStamp: 1542888946.938185453
1542888947.283011913,389.933624
PrevKeyFrame TimeStamp: 1542888947.287885427
1542888947.642102957,389.842896
PrevKeyFrame TimeStamp: 1542888947.638510704
1542888947.992151976,389.963867
PrevKeyFrame TimeStamp: 1542888947.987786055
1542888948.339371920,389.933624
PrevKeyFrame TimeStamp: 1542888948.341412544
1542888948.633742094,389.873138
PrevKeyFrame TimeStamp: 1542888948.638169050
1542888948.981944084,389.933624
PrevKeyFrame TimeStamp: 1542888948.987886429
1542888949.331701994,389.903381
PrevKeyFrame TimeStamp: 1542888949.337808371
1542888949.682099104,390.024353
PrevKeyFrame TimeStamp: 1542888949.687661171
1542888950.043286085,389.994110
PrevKeyFrame TimeStamp: 1542888950.043363810
1542888950.589726925,389.933624
PrevKeyFrame TimeStamp: 1542888950.587351322
1542888951.126452923,390.024353
PrevKeyFrame TimeStamp: 1542888951.138527393
1542888951.435269117,389.873138
PrevKeyFrame TimeStamp: 1542888951.437624931
1542888951.731714010,389.873138
PrevKeyFrame TimeStamp: 1542888951.737689257
1542888951.983082056,389.994110
PrevKeyFrame TimeStamp: 1542888951.987761497
1542888952.282248020,390.024353
PrevKeyFrame TimeStamp: 1542888952.287010431
1542888952.532474041,389.994110
PrevKeyFrame TimeStamp: 1542888952.537526369
1542888952.835016012,389.994110
PrevKeyFrame TimeStamp: 1542888952.837215900
1542888953.089510918,390.024353
PrevKeyFrame TimeStamp: 1542888953.087238789
1542888953.333486080,389.994110
PrevKeyFrame TimeStamp: 1542888953.339569092
1542888953.641416073,390.084839
PrevKeyFrame TimeStamp: 1542888953.637137651
1542888954.037183046,389.994110
PrevKeyFrame TimeStamp: 1542888954.036939621
1542888954.183737040,389.994110
PrevKeyFrame TimeStamp: 1542888954.186892033
1542888955.432938099,389.903381
PrevKeyFrame TimeStamp: 1542888955.436802626
1542888956.575618982,389.963867
PrevKeyFrame TimeStamp: 1542888956.586618662
1542888956.830403090,389.994110
PrevKeyFrame TimeStamp: 1542888956.836430073
1542888960.224920988,389.873138
PrevKeyFrame TimeStamp: 1542888960.235755682
1542888960.791058064,389.933624
PrevKeyFrame TimeStamp: 1542888960.785755634
1542888961.089435101,389.842896
PrevKeyFrame TimeStamp: 1542888961.085690737
1542888961.380191088,389.963867
PrevKeyFrame TimeStamp: 1542888961.385640383
1542888961.632944107,389.903381
PrevKeyFrame TimeStamp: 1542888961.635724783
1542888961.939863920,389.903381
PrevKeyFrame TimeStamp: 1542888961.935557365
1542888962.232850075,389.842896
PrevKeyFrame TimeStamp: 1542888962.235502243
1542888962.482311010,389.903381
PrevKeyFrame TimeStamp: 1542888962.485511780
1542888962.735450029,389.782410
PrevKeyFrame TimeStamp: 1542888962.735673666
1542888963.033021927,389.842896
PrevKeyFrame TimeStamp: 1542888963.035485744
1542888963.291728973,389.903381
PrevKeyFrame TimeStamp: 1542888963.285719872
1542888970.874283075,389.782410
PrevKeyFrame TimeStamp: 1542888970.884710550
1542888973.682872057,389.963867
PrevKeyFrame TimeStamp: 1542888973.683538675
1542888974.229546070,390.205811
PrevKeyFrame TimeStamp: 1542888974.233413935
1542888974.626127958,390.236053
PrevKeyFrame TimeStamp: 1542888974.633427858
1542888975.089958906,390.205811
PrevKeyFrame TimeStamp: 1542888975.083921671
1542888975.675056934,390.236053
PrevKeyFrame TimeStamp: 1542888975.687089920
1542888976.287967920,390.296539
PrevKeyFrame TimeStamp: 1542888976.283909321
1542888976.582159042,390.417480
PrevKeyFrame TimeStamp: 1542888976.583550692
1542888976.892020941,390.477966
PrevKeyFrame TimeStamp: 1542888976.883716106
1542888977.189013958,390.447723
PrevKeyFrame TimeStamp: 1542888977.187364817
1542888977.482851028,390.417480
PrevKeyFrame TimeStamp: 1542888977.483142376
1542888977.776621103,390.477966
PrevKeyFrame TimeStamp: 1542888977.783297300
1542888978.082067013,390.417480
PrevKeyFrame TimeStamp: 1542888978.082851648
1542888978.338331938,390.477966
PrevKeyFrame TimeStamp: 1542888978.332974195
1542888978.627211094,390.508209
PrevKeyFrame TimeStamp: 1542888978.632762909
1542888997.028326035,390.538452
PrevKeyFrame TimeStamp: 1542888997.029639482
1542888997.478924990,390.568695
PrevKeyFrame TimeStamp: 1542888997.479544401
1542888997.731648922,390.538452
PrevKeyFrame TimeStamp: 1542888997.729565859
1542888997.985697031,390.508209
PrevKeyFrame TimeStamp: 1542888997.979764223
1542888998.283149004,390.508209
PrevKeyFrame TimeStamp: 1542888998.280041933
1542888998.573502064,390.568695
PrevKeyFrame TimeStamp: 1542888998.579944134
1542888998.880069971,390.568695
PrevKeyFrame TimeStamp: 1542888998.879556894
1542888999.126704931,390.538452
PrevKeyFrame TimeStamp: 1542888999.129596949
1542888999.425723076,390.508209
PrevKeyFrame TimeStamp: 1542888999.429536343
1542888999.734658003,390.447723
PrevKeyFrame TimeStamp: 1542888999.729172230
1542889010.571595907,390.871124
PrevKeyFrame TimeStamp: 1542889010.577911377
1542889058.264034033,390.024353
PrevKeyFrame TimeStamp: 1542889058.269670963
1542889058.572089911,389.994110
PrevKeyFrame TimeStamp: 1542889058.569459677
1542889058.813874006,389.933624
PrevKeyFrame TimeStamp: 1542889058.819548607
1542889059.064064026,389.903381
PrevKeyFrame TimeStamp: 1542889059.069637775
1542889059.319405079,389.994110
PrevKeyFrame TimeStamp: 1542889059.319843769
1542889059.569175005,389.994110
PrevKeyFrame TimeStamp: 1542889059.569970369
1542889059.874789000,389.994110
PrevKeyFrame TimeStamp: 1542889059.869204760
1542889060.113038063,389.963867
PrevKeyFrame TimeStamp: 1542889060.119250536
1542889060.365339041,389.933624
PrevKeyFrame TimeStamp: 1542889060.369303703
1542889060.673429966,389.903381
PrevKeyFrame TimeStamp: 1542889060.669343233
1542889061.074244022,389.963867
PrevKeyFrame TimeStamp: 1542889061.069196463
1542889061.219768047,389.903381
PrevKeyFrame TimeStamp: 1542889061.219245911
1542889061.367569923,389.873138
PrevKeyFrame TimeStamp: 1542889061.369186640
1542889061.515729904,389.933624
PrevKeyFrame TimeStamp: 1542889061.520324707
1542889061.714041948,389.994110
PrevKeyFrame TimeStamp: 1542889061.719709873
1542889061.913399935,389.903381
PrevKeyFrame TimeStamp: 1542889061.920401096
1542889062.167875051,389.782410
PrevKeyFrame TimeStamp: 1542889062.170353413
1542889062.431894064,389.782410
PrevKeyFrame TimeStamp: 1542889062.432307959
1542889062.675467968,389.873138
PrevKeyFrame TimeStamp: 1542889062.671257257
1542889062.929747105,389.752167
PrevKeyFrame TimeStamp: 1542889062.926508665
1542889063.221028090,389.661438
PrevKeyFrame TimeStamp: 1542889063.219023705
1542889063.514645100,389.661438
PrevKeyFrame TimeStamp: 1542889063.519124508
1542889063.812947989,389.661438
PrevKeyFrame TimeStamp: 1542889063.818635941
1542889064.117558002,389.570709
PrevKeyFrame TimeStamp: 1542889064.118594646
1542889064.415755033,389.479980
PrevKeyFrame TimeStamp: 1542889064.420576811
1542889064.773730993,389.479980
PrevKeyFrame TimeStamp: 1542889064.768563986
1542889065.067863941,389.449738
PrevKeyFrame TimeStamp: 1542889065.068375826
1542889065.417248964,389.359009
PrevKeyFrame TimeStamp: 1542889065.418705702
1542889065.764794111,389.298523
PrevKeyFrame TimeStamp: 1542889065.768443584
1542889066.121639967,389.268280
PrevKeyFrame TimeStamp: 1542889066.118386030
1542889066.524561882,389.147308
PrevKeyFrame TimeStamp: 1542889066.518177748
1542889066.912817001,389.207794
PrevKeyFrame TimeStamp: 1542889066.918280602
1542889067.322416067,389.177551
PrevKeyFrame TimeStamp: 1542889067.317940950
1542889067.712105989,389.177551
PrevKeyFrame TimeStamp: 1542889067.718467951
1542889068.173161983,389.207794
PrevKeyFrame TimeStamp: 1542889068.168745279
1542889068.568203926,389.177551
PrevKeyFrame TimeStamp: 1542889068.568355322
1542889068.968703985,389.056580
PrevKeyFrame TimeStamp: 1542889068.967649937
1542889069.374938011,389.117065
PrevKeyFrame TimeStamp: 1542889069.368092299
1542889069.814955950,389.056580
PrevKeyFrame TimeStamp: 1542889069.817731857
1542889070.268101931,388.996124
PrevKeyFrame TimeStamp: 1542889070.267658949
1542889070.723079920,389.026337
PrevKeyFrame TimeStamp: 1542889070.717357874
1542889071.163852930,388.965881
PrevKeyFrame TimeStamp: 1542889071.167503119
1542889071.561536074,388.905396
PrevKeyFrame TimeStamp: 1542889071.567346811
1542889071.970679998,388.935638
PrevKeyFrame TimeStamp: 1542889071.967339277
1542889072.428925991,388.935638
PrevKeyFrame TimeStamp: 1542889072.425889969
1542889072.866611004,388.905396
PrevKeyFrame TimeStamp: 1542889072.867572784
1542889073.316344023,388.996124
PrevKeyFrame TimeStamp: 1542889073.317406893
1542889073.767297029,388.935638
PrevKeyFrame TimeStamp: 1542889073.766916752
1542889074.219367027,388.905396
PrevKeyFrame TimeStamp: 1542889074.216791153
1542889074.665318012,388.844910
PrevKeyFrame TimeStamp: 1542889074.666873217
1542889075.115305901,388.844910
PrevKeyFrame TimeStamp: 1542889075.117645502
1542889075.569777012,388.935638
PrevKeyFrame TimeStamp: 1542889075.566845179
1542889076.011643887,388.754181
PrevKeyFrame TimeStamp: 1542889076.016529799
1542889076.462924957,388.935638
PrevKeyFrame TimeStamp: 1542889076.466720819
1542889076.922178030,388.875153
PrevKeyFrame TimeStamp: 1542889076.916370869
1542889077.362863064,388.814667
PrevKeyFrame TimeStamp: 1542889077.366633654
1542889077.862258911,388.844910
PrevKeyFrame TimeStamp: 1542889077.866415739
1542889078.322698116,388.875153
PrevKeyFrame TimeStamp: 1542889078.316765785
1542889078.818550110,388.875153
PrevKeyFrame TimeStamp: 1542889078.816051722
1542889079.312830925,388.875153
PrevKeyFrame TimeStamp: 1542889079.316298962
1542889079.816382885,388.844910
PrevKeyFrame TimeStamp: 1542889079.815961361
1542889080.360461950,388.935638
PrevKeyFrame TimeStamp: 1542889080.365890026
1542889080.964761019,388.905396
PrevKeyFrame TimeStamp: 1542889080.965985537
1542889081.463471889,388.935638
PrevKeyFrame TimeStamp: 1542889081.466866970
1542889081.959279060,388.996124
PrevKeyFrame TimeStamp: 1542889081.965754986
1542889082.466872931,388.935638
PrevKeyFrame TimeStamp: 1542889082.465621710
1542889082.967128992,388.935638
PrevKeyFrame TimeStamp: 1542889082.967818022
1542889083.460689068,389.056580
PrevKeyFrame TimeStamp: 1542889083.465591192
1542889083.924633026,388.996124
PrevKeyFrame TimeStamp: 1542889083.919535875
1542889084.362648964,389.086823
PrevKeyFrame TimeStamp: 1542889084.365828514
1542889084.867079020,389.117065
PrevKeyFrame TimeStamp: 1542889084.865307093
1542889085.369625092,388.996124
PrevKeyFrame TimeStamp: 1542889085.364905119
1542889085.818766117,389.056580
PrevKeyFrame TimeStamp: 1542889085.815169096
1542889086.271065950,389.207794
PrevKeyFrame TimeStamp: 1542889086.264942884
1542889086.763247967,389.147308
PrevKeyFrame TimeStamp: 1542889086.764795065
1542889087.263237000,389.117065
PrevKeyFrame TimeStamp: 1542889087.264835119
1542889092.757324934,389.238037
PrevKeyFrame TimeStamp: 1542889092.763792276
1542889093.710136890,389.298523
PrevKeyFrame TimeStamp: 1542889093.713701963
1542889094.016649008,389.389252
PrevKeyFrame TimeStamp: 1542889094.013732672
1542889094.314286947,389.268280
PrevKeyFrame TimeStamp: 1542889094.313807964
1542889094.619163990,389.268280
PrevKeyFrame TimeStamp: 1542889094.614035606
1542889094.861047029,389.177551
PrevKeyFrame TimeStamp: 1542889094.864226580
1542889095.168751955,389.268280
PrevKeyFrame TimeStamp: 1542889095.163984776
